id,label,source,text,original_id
339,scam,zhi_scam,"[Greetings], this is about a paid survey programme. You could earn up to [Money] for each one. I just need to get you registered first. Could you give me your full name, mobile number, email and bank account details? Once that is confirmed your first survey comes through within a day.",339
166,scam,zhi_scam,"[Name], it is me. Look, something has happened and I need your help. I was in an accident and there are medical costs I cannot cover. Could you send the money across to this account today? Please keep it between us for now.",166
422,scam,zhi_scam,"[Greetings], this is about your sales background, which stood out to us. There is an affiliate marketing role open. You buy the products upfront, then drive the sales and take commission on them. It is fairly simple once you start. Would you like to hear more about it?",422
41,scam,zhi_scam,"[Greetings], this is [Company] online banking support. There has been a technical fault on your account. To sort it I need to verify your access with you. Could you read me the OTP or TAC code that has just gone to your mobile, along with your account number?",41
68,scam,zhi_scam,"[Greetings], this is [Name]. Honestly this work has changed things for me, I am bringing in about [Money] a month now. Almost hard to believe. To get you set up I will need a couple of details. What is your age, and what do you do at the moment?",68
549,scam,zhi_scam,"Right, [Title]. The next step we would suggest is applying for a personal loan of [Money]. Once that comes through we will tell you where it needs to go. You would transfer it to our [Company] account [Money] and the [Company] account [Money], so it is allocated properly.",549
87,scam,zhi_scam,"[Greetings], this is [Company] calling. We are doing a routine account verification to tighten up security. Could you confirm a few things for me? I need your bank account number, your full name and your date of birth. It helps us keep the account in order.",87
384,scam,zhi_scam,"[Greetings], your payment history and credit standing have qualified you for an interest rate reduction, somewhere between nought and five percent. We have tried to reach you a few times about this. This is the last courtesy call. Would you like to press one and speak to a representative?",384
605,scam,zhi_scam,"[Greetings], we would like to offer you the assistant purchaser role. It is quite a central position in our retail setup. There are a few basic details I would need from you before we go further. Is that something you would be up for?",605
56,scam,zhi_scam,"[Greetings], I am calling about suspicious money laundering activity linked to your identity. You can clear your name by cooperating with the investigation. There is a fee, and I will need some personal details from you. We also need further funds to move things along. Can you transfer that today?",56
519,scam,zhi_scam,"[Greetings], this is [Company] support. A system error has come up affecting your delivery. To get it sorted quickly, could you verify who you are for me? I need your identification number, your date of birth and your current address, then the dispatch can go ahead.",519
227,scam,zhi_scam,"[Greetings], this is the electric company calling. We have picked up some irregularities in your billing and think the meter may be faulty. To put it right I need to take payment from you over the phone. Could you read me your credit card details?",227
35,scam,zhi_scam,"[Greetings], this is [Name] from [Company]. There is a problem with your electricity bill. It looks like nothing has been paid for several months, so we are within our rights to disconnect the supply. To avoid that I need payment now, either through [Company] or a transfer to account [Number].",35
82,scam,zhi_scam,"[Greetings], this is the security team at [Company]. Your package has been flagged because of possible illegal contents. I am going to have to transfer you through to the police department to deal with it. They will talk you through what has happened and what needs to happen next.",82
457,scam,zhi_scam,"[Greetings], I came across your profile and thought of you. There is a part-time job that pays a few hundred a day. Would you like to hear about it? You buy goods online to build up the sales figures and reputation of sellers. It is simple enough and it pays well.",457
444,scam,zhi_scam,"[Greetings], this is [Company] calling. There is a package for you going to [Country] with your [Number] and your credit cards in it. A small issue has come up, so we need to verify your particulars for security. Could you confirm your full name and identity number with me?",444
65,scam,zhi_scam,"[Greetings], we are looking for confident people to join our escort team. The clients are selective and generous, with pay starting from [money]. It could suit you if you want to turn charm into something profitable, and it is handled discreetly. There is a small verification step. Shall I put you forward?",65
252,scam,zhi_scam,"[Greetings], we have an opening for stock takers at the moment. The role is mostly keeping our inventory levels right, so it matters quite a bit to us. Could you give me a few basic details so I can take it to the next stage?",252
85,scam,zhi_scam,"[Greetings], I was looking at your profile and your financial background stood out. There is an opening in fund transfers that fits it well. You would be handling transactions, helping things run efficiently, and taking commission on them. Is that something you would want to hear more about?",85
562,scam,zhi_scam,"For the investigation, what we would suggest is that you apply for a personal loan of [Money]. Once it is approved we will tell you where the funds need to go. You would transfer the loan amount to our [Company] account [Money] and the [Company] account [Money] so it is allocated correctly.",562
450,scam,zhi_scam,"[Greetings], this is [Company] calling. There is a package in transit to [Country] with your identification card and credit cards in it. Our records say it is yours. Unfortunately there has been a hiccup along the way. As part of our security process, could you confirm your full name and identity number?",450
57,scam,zhi_scam,"[Greetings], you have qualified for our debt consolidation programme. It lets you merge your balances and brings the interest rate down to as low as two percent. It is aimed at people with good credit like yourself. Would you like to press one and speak to an advisor about lowering your payments?",57
576,scam,zhi_scam,"[Greetings], this is [Name] at [Company]. I have spent years working the [Company] market and I am opening our [Product] up to a small group. The returns have been consistent and my own portfolio has done very well. Joining is simple, and the first forty people this week get a bonus. Shall I sign you up?",576
128,scam,zhi_scam,"[Greetings], [Title]. This is [Title][Name] from the [Country] district police. We are taking your situation seriously and need you to cooperate with us. What we need is for you to transfer your funds temporarily into a secure account so they can be verified. It is standard where large sums are involved. The money comes back to you afterwards.",128
235,scam,zhi_scam,"Good, [Title][Name], that is a sensible decision. Your investments are doing very well. Before we can process the withdrawal though, we have to clear the account of any money laundering flags, which means a final security deposit. It is standard and it protects your funds. Could you transfer [Money] to our verification account today?",235
642,scam,zhi_scam,"Right, [Title]. As part of the investigation we think applying for a personal loan of [Money] would help. Once it is approved we will guide you on where it should go. You would transfer the loan amount to our [Company] account [Money] and the [Company] account [Money] so that it is allocated properly.",642
640,scam,zhi_scam,"[Greetings], your financial background caught our eye. There is an opportunity in fund transfers we think would suit you. You would be helping transactions go through smoothly and taking commission on each one. It is a straightforward process and the earnings can be significant. Would you like to hear more?",640
58,scam,zhi_scam,"[Greetings], we are hiring assistant purchasers for a large retail company at the moment. The role covers inventory and purchasing, so it suits someone with an eye for detail. I would need a few basic details from you to get started. Is that something you are interested in?",58
601,scam,zhi_scam,"[Greetings], this is [Company] calling. There is an urgent delivery for you that needs customs clearance before it can move. Could you give me your personal details, your identity number and your address? Without those I cannot process it and the delivery will be held up further.",601
606,scam,zhi_scam,"[Greetings], I am calling with some good news. You have won a prize in a sweepstakes draw, and it is a significant amount. To release the winnings we need either a small processing fee or your bank account details so the transfer can go through. Which would you prefer to do?",606
395,nonscam,zhi_nonscam,"[Greetings], it is [Name]. I was just checking in to see how your week has been going so far. Thought we could catch up properly before the weekend arrives. Either a quick call or a walk somewhere, whichever suits you better. Let me know what works.",395
53,nonscam,zhi_nonscam,"[Greetings], this is [Name]. [Company] have added some new privacy tools to their cloud storage. You can encrypt files now before they get uploaded, which seems worth having. I thought it might be useful for you. Should we go through how to set it up together?",53
215,nonscam,zhi_nonscam,"[Greetings], this is [Company] Internet Services calling. We are carrying out maintenance in your area on [Date], starting from [Time]. Your service may drop out briefly while that is happening. Nothing is needed from you at this end. Thank you for bearing with us.",215
51,nonscam,zhi_nonscam,"[Greetings], this is [Name]. I saw that [Company] have launched a smart home assistant with security features built in. I remembered you were looking at options for your place. Would you like to go through the specifications together sometime this week?",51
570,nonscam,zhi_nonscam,"[Greetings], this is [Name]. I have started putting a playlist together for our next trip to [Location]. Thought you might want to help me choose what goes on it. I still have all your old favourites saved somewhere. Shall we go through it this week?",570
134,nonscam,zhi_nonscam,"[Greetings], this is [Name]. I downloaded a journaling app the other day that lets you add voice memos with timestamps. It has been quite a reflective thing to use, more than I expected. Would you like to give it a try as well?",134
290,nonscam,zhi_nonscam,"[Greetings], this is [Name]. I am having a small board game night at mine this [Date] at [Time]. Nothing formal, just snacks and a few people. It should be a relaxed evening. Would you like to come along and join us?",290
411,nonscam,zhi_nonscam,"[Greetings], this is [Name] from [Company] Legal Aid. We are assisting people with contract dispute claims relating to pandemic disruptions at the moment. If you want to speak with a caseworker, come into our advisory centre during business hours. Bring copies of your agreement or receipt with you.",411
141,nonscam,zhi_nonscam,"[Greetings], this is [Company] Alumni Relations calling. We are putting together a virtual reunion for the class of [Year]. [Name] and a number of your old classmates have already said they will be there. Would you like to take part and reconnect with everyone?",141
551,nonscam,zhi_nonscam,"[Greetings], this is [Name]. I sat in on an online seminar about cybersecurity that [Company] were running, and it was genuinely insightful. I took a fair few notes while it was on. I can send them over if you would find them useful. Let me know.",551
123,nonscam,zhi_nonscam,"[Greetings], this is [Name]. I heard your [Title] presentation went really well, so congratulations on that. I thought it was worth marking somehow. Would you want to celebrate with a movie night at the weekend? I am free either evening.",123
585,nonscam,zhi_nonscam,"[Greetings], this is [Company] Bank calling. We are running a limited-time interest rate reduction on home loans at the moment. It may or may not suit your situation, so it is worth a proper conversation. Would you like to speak with one of our loan officers about it?",585
307,nonscam,zhi_nonscam,"[Greetings], this is [Name] from [Company] General Insurance. I am calling to help you start the claims process after the burglary at your home. We can go through what your policy covers and what you will need to put the submission together. Shall we work through it now?",307
572,nonscam,zhi_nonscam,"[Greetings], this is [Name]. I am planning a small open mic night at [Location] next month. You have such a good voice and I thought of you straight away. Would you want to perform something on the night? I can help you register if you like.",572
172,nonscam,zhi_nonscam,"[Greetings], this is [Name]. I am organising a surprise appreciation call for [Name] this weekend. It would be lovely to have you on it to say a few words. Nothing rehearsed, just whatever comes to mind. Let me know if you are free.",172
110,nonscam,zhi_nonscam,"[Greetings], this is [Name]. You mentioned you were unsure about that job posting asking for sensitive details. If you want to check whether the recruiter is real, the safest thing is to go into [Company]'s local employment office and speak to the job coordinator yourself.",110
591,nonscam,zhi_nonscam,"[Greetings], this is [Name] from [Company] University Funding Office. Tuition reimbursement cheques are going out this month. If you need to confirm your disbursement or hand in updated bank documents, come to the finance division at your campus office. Bring your identification with you.",591
654,nonscam,zhi_nonscam,"[Greetings], this is [Name]. I know you have been trying to work on your public speaking. There is a community event coming up at [Location] where new speakers can practise in front of a small group. Would you like me to sign us both up for it?",654
183,nonscam,zhi_nonscam,"[Greetings], this is [Name]. I came across a donation drive for displaced communities in [Location], run officially by [Company]. If you want to check it out or contribute directly, there is a branch near [Location] where you can speak to the coordinators yourself.",183
370,nonscam,zhi_nonscam,"[Greetings], this is [Company] Medical Clinic calling. We are ringing to confirm your appointment on [Date] at [Time] with [Title][Name]. If you need help with transport, or if the time no longer works, just tell us. We are happy to move it for you.",370
104,nonscam,zhi_nonscam,"[Greetings], this is [Name] from [Company] Resorts. I understand you are planning a stay with us. Could you let me know your preferred check-in and check-out dates? Once I have those I can look at what we have available and what the rates would be.",104
563,nonscam,zhi_nonscam,"[Greetings], this is [Company] Bank Support. I understand you have run into a problem using online banking. Could you confirm your username for me, and then describe briefly what is happening when you try to log in? I will see what I can do from here.",563
71,nonscam,zhi_nonscam,"[Greetings], this is Dr. [Name]'s office calling. We are ringing to remind you about your follow-up appointment after your recent surgery. It is important that you come along as scheduled so the post-operative care stays on track. We will see you then.",71
579,nonscam,zhi_nonscam,"[Greetings], this is [Name] from [Company] Government Aid Division. We are confirming contact details for future disbursement alerts. If anything on your file needs updating or correcting, please come into your local government centre in person and bring your official identification with you.",579
67,nonscam,zhi_nonscam,"[Greetings], this is [Name]. I am helping to organise a charity walk at [Location] on [Date] for a local cause. It would mean a lot to have you there with us on the day. Let me know if it is something you would be interested in.",67
626,nonscam,zhi_nonscam,"[Greetings], this is [Name] from [Company] Grocery Services. A fresh shipment of organic produce has just come in, so there is a good range at the moment. Would you like to place an order for fruit and vegetables for this week?",626
197,nonscam,zhi_nonscam,"[Greetings], this is [Name]. I just wanted to ring and wish you a joyful [Occasion]. I hope you get the chance to relax properly and spend it with the people you care about. No need to call back, I only wanted to say it.",197
500,nonscam,zhi_nonscam,"[Greetings], this is [Name] from [Company] Community Center. We are running a craft workshop on [Date] and thought it might interest you. It is beginner-friendly and all the materials are provided, so there is nothing to bring. Would you like me to reserve a spot for you?",500
546,nonscam,zhi_nonscam,"[Greetings], this is [Company] Foundation calling. We are looking for people to join our wilderness survival course. It covers fire-building, shelter-making and a fair bit more, all out in the field. Would that be something you would want to learn?",546
420,nonscam,zhi_nonscam,"[Greetings], this is [Name] from [Company] Travel Insurance. If you have a trip coming up, we would like to make sure you are properly covered while you are away. There are a few different levels of cover. Would you like to go through the options together?",420
511,scam,zhi_scam,"[Greetings], [Title]. This is ASP [Title][Name] from the police department. We are looking into money laundering and your name has come up against transactions totalling [Money]. I understand that is a shock, but we do need your cooperation to sort it out. Could I put you through to [Title][Name], who is handling the case?",511
632,scam,zhi_scam,"[Greetings], this is [Name]. I have been doing this for eleven months now and I make about [Money] a month from it. It has been a good move for me. To get you started I need a couple of details. What is your age, and what do you do at the moment?",632
521,scam,zhi_scam,"[Greetings], this is [Title][Name] from [Company]. Your name has come up in a serious money laundering case. To clear it and stop the legal proceedings going further, you would need to transfer [Money] towards the investigation costs. I would not leave it, as there is an arrest warrant pending.",521
567,scam,zhi_scam,"[Greetings] [Name], this is [Title][Name] calling about your credit card. It appears it has been misused the same way your father's was. We need to block and deactivate it quickly before anything else goes through. Could you read me the OTP you have just received? We do need to move on this.",567
659,scam,zhi_scam,"As part of the investigation, what we would suggest is that you apply for a personal loan of [Money]. Once it comes through we will tell you where it needs to go. You would transfer the amount to our [Company] account [Money] and the [Company] account [Money], so it is allocated correctly.",659
229,scam,zhi_scam,"[Greetings], [Title][Name]. I am calling from [Charity Name]. We work with underprivileged children and a donation of [Money] genuinely makes a difference. Could you fill in our donor form? I need your full name, home address and banking details so we can issue the certificate. We would want that before month end.",229
221,scam,zhi_scam,"[Greetings], I was looking at your profile and your financial background stood out. There is a fund transfers position that would suit those skills well. You would be helping transactions go through, keeping things efficient, and taking commission on them. The earnings can be good. Would you like to hear more?",221
573,scam,zhi_scam,"[Greetings], my name is [Name]. I am calling to let you know that your credit card has been breached. Before I can tell you anything further I do have to verify who I am speaking to. Could you confirm your name, your address and your credit card number for me?",573
526,scam,zhi_scam,"[Greetings], this is [Name] from [Company] Customer Service. There is a recent order on your account, number AMZ zero nine eight seven, for a [Product] Pro, charged to your card at [Money]. Some suspicious activity came up so we have put a hold on it. Would you like to press one, or press two to report it?",526
224,scam,zhi_scam,"[Greetings], I am calling from [Company]. We have a shipment on its way to [Country] with your [Number] and credit cards in it. A small snag has come up along the way, unfortunately. To make sure it gets to you safely, could you confirm your full name and identity number for me?",224
111,scam,zhi_scam,"[Greetings], I came across your profile and thought you would do well helping e-commerce sellers with their sales figures. The way it works is you pay for products in advance and earn commission on them. It is a busy industry and the income can be substantial. Would that be of interest to you?",111
507,scam,zhi_scam,"[Greetings], this is your internet service provider. We have an upgrade available on your line at the moment. To set it up I need your payment details and access to the account, so that is the bank account number, the pin and the password. Then a payment transfer across to account [Number].",507
352,scam,zhi_scam,"[Greetings], this is [Name] from [Company]. There is a job opportunity abroad paying between [Money] and [Money], and you have come up as one of the people selected. Could you send your resume through? There is also a deposit for the visa processing, transferred to account [Number], to hold the position.",352
180,scam,zhi_scam,"[Greetings], I am calling on behalf of a charitable organisation. We do appreciate the donations you have made before, and we were hoping you might support us again this year. Could you give me your credit card details so I can process the contribution while we are on the phone?",180
108,scam,zhi_scam,"[Greetings], this is [Name] from [Company]. I know you have been following crypto, so I wanted to bring this to you. Our [Product] for a new coin, [Company], is about to launch. Early investors stand to do very well as it gains traction. The platform is straightforward. Would you want to come in early?",108
614,scam,zhi_scam,"Well done on that first investment. As you can see the platform does what we said it would. The thing is, a larger amount would return proportionally more. If you went to [Money], or even [Money], the returns multiply. We have a special offer open to trusted investors at the moment. Would you want to reinvest?",614
39,scam,zhi_scam,"[Greetings], I hope you are well. I am contacting you on behalf of [Company] about a grant of [Money] that has come available to you. To start releasing the funds I need a few things from you. Could you give me your bank number, your full name and your internet banking password?",39
458,scam,zhi_scam,"[Greetings], this is [Name] from [Company]. Your account has been compromised, so we need to secure it as soon as we can. To do that I have to verify a few things with you. Could you give me your bank account number, your pin number and your password?",458
198,scam,zhi_scam,"[Greetings], thank you for being with us. We are running a limited offer at the moment where you can double your savings through our partner bank. To activate it I need a few details from you, so that is your full name, your account number and the PIN linked to your online banking.",198
10,scam,zhi_scam,"[Greetings], this is [Name] from [Company]. Is that [Name]? Something has come up and I need help fairly urgently. Could you send some money across to this bank account [Number]? I would not ask if it were not important. I really do need your help with this one.",10
603,scam,zhi_scam,"[Greetings] [Name], this is [Name] from [Company]. I know you have been watching Bitcoin, so I wanted to bring you something. Our [Product] programme has consistently outperformed traditional investments using our own algorithms. People have doubled their holdings within weeks. You would start with a small amount through our platform. Shall I set that up?",603
74,scam,zhi_scam,"[Greetings], this is [Name], a recruiter with Tech Innovators. We are looking for software testers to join the team. It is remote and it pays up to [Money] an hour. Would you like the details? Send your resume with your phone number and bank account and we will arrange an interview this month.",74
66,scam,zhi_scam,"[Greetings], we are looking for a detail-oriented assistant purchaser to join the team. The role is quite central to how we manage inventory, so it matters. Could you share a few basic details with me so we can start the process off? It should not take long at all.",66
33,scam,zhi_scam,"[Greetings], [Title]. This is [Title][Name] with the Financial Crimes Task Force. We are looking into a series of unusual transactions and we need your help with it. Could you give me your banking particulars? That would be your full name, your identity number and your bank account details.",33
281,scam,zhi_scam,"[Greetings] [Name], this is [Name]. I wanted you to come in on this [Company] investment with me. I have been doing it about eleven months and I am earning between [Money] and [Money] a month. It has changed things for me. Could you tell me your age and occupation so we can set you up?",281
25,scam,zhi_scam,"[Greetings], I am pleased to tell you that you have earned a customer loyalty rebate of [Money]. To get that credited to the right place I need a few details confirmed. Could you give me your full account number, the phone number on the account, and your online banking password?",25
518,scam,zhi_scam,"[Greetings], I have been going through profiles and your financial experience stood out to me. There is a fund transfers venture open at the moment. You would be handling various transactions, keeping operations running smoothly, and earning commission on them. The returns have been good. Would you be up for it?",518
377,scam,zhi_scam,"[Greetings], this is [Name] with the credit card security team. There has been a breach affecting your card, which is why I am calling. Before I go any further I do need to confirm who I am speaking to. Could you give me your name, your address and your credit card information?",377
501,scam,zhi_scam,"[Greetings], for the investigation we will need a few documents from you. That is your salary slips for the past four months, your [Company] e-filing, and anything relating to your property and assets. They are all quite integral to the case. Could you get those across to us soon?",501
663,scam,zhi_scam,"[Greetings], [Title]. This is [Title][Name] speaking for the police department. We are treating your situation seriously and want it resolved. What we need is for you to transfer your funds into a secure account temporarily while the investigation runs. It is there to protect your financial interests. Could you arrange that today?",663
214,nonscam,zhi_nonscam,"[Greetings], this is [Name]. I have started listening to a podcast series on future tech that [Company] run, and the latest episode was all about brain-computer interfaces. I thought it would be right up your street. Shall I send it across to you?",214
583,nonscam,zhi_nonscam,"[Greetings], this is [Name] from [Company] Utility Services. We have picked up a discrepancy on your recent bill and I wanted to go through it with you properly. It should not take long to work out what has happened. Would now be a good time, or shall I call back?",583
259,nonscam,zhi_nonscam,"[Greetings], this is [Name]. My results came through from the [Product] course I took, and I am pretty pleased with how it went in the end. You were the one who pushed me to enrol in the first place, so I wanted you to know how it turned out.",259
319,nonscam,zhi_nonscam,"[Greetings], this is [Name]. There is a small poetry open mic on [Date] at [Company] Café. I remembered you used to write, and I thought you might want to go along. Would you want to come with me and share something on the night?",319
555,nonscam,zhi_nonscam,"[Greetings], this is [Name]. I tried [Product], that AI resume builder, and it made the whole thing much less painful than I expected. I think your portfolio could do with the same treatment. Would you want to have a go at it together this week?",555
8,nonscam,zhi_nonscam,"[Greetings], this is [Company] Energy Solutions. I am following up on the solar panel enquiry you made with us. We would be glad to take you through the packages properly rather than over email. Would a call on [Date] suit you, at whatever time works best?",8
97,nonscam,zhi_nonscam,"[Greetings], this is [Company] School calling. We are reminding families about the parent-teacher meeting coming up on [Date]. You can choose a time slot through the school portal yourself. If that is awkward, ring us and we will sort a time out with you.",97
499,nonscam,zhi_nonscam,"[Greetings], this is [Company] Pet Store. Our annual adoption event is on [Date] and we are looking for both volunteers and adopters this year. There is a good mix of animals looking for homes. Would you like to help out on the day, or find a companion yourself?",499
305,nonscam,zhi_nonscam,"[Greetings], this is [Name] from [Company] Utilities. You got in touch with us about your recent water bill. Before I pull up the account, could you confirm your billing address for me? Once I have verified it I can go through the charges with you properly.",305
436,nonscam,zhi_nonscam,"[Greetings], this is [Name] from [Company] Recruitment. You applied for the [Title] role with us and we would like to take it forward. The team have a few slots open over the next fortnight. Could you let me know your availability so I can schedule the interview?",436
612,nonscam,zhi_nonscam,"[Greetings], this is [Name]. There is an app called [Product] doing the rounds that uses AI to match music to whatever mood you are in. I have been enjoying it more than I expected. Would you want to try it and put some playlists together with me?",612
96,nonscam,zhi_nonscam,"[Greetings], this is [Name]. I ran into [Name] from our old team the other day and we ended up reminiscing about the [Project] days for ages. We were half thinking about arranging a small reunion. Would you be up for something like that?",96
282,nonscam,zhi_nonscam,"[Greetings], this is [Name]. I hope your week has been a good one. I have been trying to wind down with fewer screens lately, which is going better than I thought. Would you be up for a proper phone chat sometime soon rather than messaging?",282
343,nonscam,zhi_nonscam,"[Greetings], this is [Company] Bank calling. We are checking a recent online transaction on your account for [Money] before it settles. Did you authorise that payment yourself? If it was not you, we can put a temporary block on the card and look into it from our end.",343
254,nonscam,zhi_nonscam,"[Greetings], this is [Name] from [Company] School. You had expressed interest in our preschool programme. Could you tell me your child's age and how you would prefer to be contacted? Once I have that I can get the enrolment information out to you.",254
578,nonscam,zhi_nonscam,"[Greetings], this is [Company] Airlines. Your reservation on flight [Number] on [Date] from [City] to [City] has been confirmed. Check-in opens shortly. Would you like to choose a seat or add extra baggage before it does? It is usually easier to sort now.",578
314,nonscam,zhi_nonscam,"[Greetings], this is [Company] Clinic calling. Your lab test results have come back and they are ready whenever you want to collect them. There is no rush from our end. Would you prefer to pick them up, or shall we send digital copies across to you instead?",314
34,nonscam,zhi_nonscam,"[Greetings], it is [Name]. I am heading over to [Company] Mall this afternoon and thought I would check whether you needed anything while I am there. You mentioned looking for [Product] last week. Would you want me to keep an eye out for it?",34
88,nonscam,zhi_nonscam,"[Greetings], this is [Name] from [Company] Pet Supplies. Our latest range of pet food has come into stock, so there is a decent selection at the moment. Was there anything in particular you were after for your pet? We would be happy to help you find it.",88
628,nonscam,zhi_nonscam,"[Greetings], this is [Name] from [Company] Talent Acquisition. You had expressed interest in our [Title] vacancy and we are ready to take it to interview. We have a fair bit of flexibility on timing this month. What does your availability look like over the next couple of weeks?",628
125,nonscam,zhi_nonscam,"[Greetings], it is [Name]. I am putting together a surprise for [Name]'s birthday and I could genuinely use a hand with it. There is a bit more to organise than I expected. Could I ring you later on so we can go through the details properly?",125
430,nonscam,zhi_nonscam,"[Greetings], this is [Name] from [Company] IT Department. With digital threats on the rise, we have put together printed guides on spotting phishing attempts. If you would like a copy, come along to our technical support desk at the [Company] branch nearest you.",430
316,nonscam,zhi_nonscam,"[Greetings], this is [Name] from [Company] Transportation Planning Office. We are running a survey on how fuel prices have affected people's commutes. If you would like to take part or submit a formal comment, come into our district transport office. The printed forms are available there.",316
413,nonscam,zhi_nonscam,"[Greetings], this is [Name] from [Company] Medical Clinic. I am just confirming your appointment with Dr. [Name] on [Day] at ten in the morning. If you could arrive a few minutes early that would help us stay on time. Does that still work for you?",413
83,nonscam,zhi_nonscam,"[Greetings], this is [Name] from [Company] Mentorship Program. I wanted to check in and see how your project has been progressing since we last spoke. Is there any feedback or are there resources that would help at this stage? I am happy to set up a call.",83
22,nonscam,zhi_nonscam,"[Greetings], this is [Name] from [Company] Housing Support Center. If you think you may qualify for the updated rental subsidy scheme, you can apply in person. Come along to your district support office and bring proof of tenancy and your income documents with you.",22
3,nonscam,zhi_nonscam,"[Greetings], this is [Name]. I heard your [Product] has finally launched, so congratulations on getting it over the line. I know how long that has been in the works. Shall we schedule a call so I can hear properly about how it all went?",3
238,nonscam,zhi_nonscam,"[Greetings], this is [Name] from [Company] Travel Support Services. Before you travel we would recommend stopping by our office to go through the current advisories and finish your destination checklist. Walk-ins are fine Monday to Friday, so come whenever suits you.",238
234,nonscam,zhi_nonscam,"[Greetings], this is [Company] Technical Support. We have received the service request you put in for your [Product]. We should be able to sort most of it remotely. Would you be available on [Date] at two in the afternoon for a troubleshooting session?",234
62,nonscam,zhi_nonscam,"[Greetings], this is [Name]. I started using a smart grocery app that suggests recipes from whatever is already sitting in your fridge. It has cut down my waste quite a bit. You might get something out of it too. Shall we compare how it works for us?",62
