token,coefficient,pushes_toward,scam_docs,legit_docs
your,3.2451,Fraud,360,227
to,2.5702,Fraud,365,278
to this,2.221,Fraud,73,2
an,2.0641,Fraud,132,18
of,1.9572,Fraud,189,55
the,1.8803,Fraud,276,173
your and,1.8001,Fraud,139,30
will,1.7787,Fraud,156,28
and,1.6521,Fraud,338,202
our,1.468,Fraud,190,78
we,1.376,Fraud,300,192
with,1.3287,Fraud,187,71
the of,1.324,Fraud,88,6
the to,1.2331,Fraud,74,9
name and,1.2128,Fraud,81,3
your name,1.1969,Fraud,37,1
have,1.1895,Fraud,174,84
we have,1.1238,Fraud,87,18
as,1.0747,Fraud,72,10
to your,1.0522,Fraud,161,41
full,1.0228,Fraud,53,2
your to,1.0172,Fraud,92,10
your full,1.0142,Fraud,48,0
now,1.0034,Fraud,76,12
please,1.0028,Fraud,101,42
in,0.9753,Fraud,171,95
the we,0.9337,Fraud,62,8
full name,0.9206,Fraud,43,0
from the,0.9041,Fraud,57,7
been,0.8723,Fraud,76,26
please your,0.853,Fraud,52,13
get,0.8408,Fraud,38,5
am name,0.821,Fraud,43,0
first,0.8182,Fraud,47,2
we your,0.8122,Fraud,50,9
we will,0.8045,Fraud,49,5
to we,0.8026,Fraud,28,1
you will,0.8002,Fraud,41,3
for to,0.7713,Fraud,32,6
and your,0.768,Fraud,61,9
system,0.7547,Fraud,20,1
for,0.7489,Fraud,251,169
with our,0.7479,Fraud,44,2
to the,0.7466,Fraud,101,22
please the,0.7395,Fraud,22,5
this will,0.7272,Fraud,21,1
and this,0.7246,Fraud,28,3
to our,0.7226,Fraud,73,10
will be,0.718,Fraud,60,12
you have,0.7112,Fraud,60,26
part,0.7047,Fraud,33,2
is and,0.6924,Fraud,45,8
the first,0.6868,Fraud,42,2
some,0.6777,Fraud,31,18
have been,0.6763,Fraud,53,14
your your,0.6731,Fraud,39,2
it is,0.6375,Fraud,96,43
in this,0.6231,Fraud,16,1
to get,0.6179,Fraud,28,2
and to,0.6163,Fraud,67,17
do not,0.6081,Fraud,35,1
this to,0.5838,Fraud,27,3
by,0.5656,Fraud,67,25
will you,0.5598,Fraud,25,3
is to,0.5598,Fraud,50,13
once,0.5446,Fraud,35,1
part of,0.5421,Fraud,24,2
have to,0.5414,Fraud,20,1
been for,0.5367,Fraud,22,2
this for,0.533,Fraud,11,0
will your,0.5323,Fraud,20,1
some to,0.5298,Fraud,11,0
name name,0.5282,Fraud,15,0
and we,0.5223,Fraud,60,11
you please,0.5211,Fraud,21,4
have in,0.513,Fraud,20,2
with your,0.5113,Fraud,38,9
who,0.5086,Fraud,18,0
has been,0.5081,Fraud,30,11
not,0.5045,Fraud,55,9
of this,0.4998,Fraud,19,0
of the,0.4975,Fraud,32,8
is an,0.4889,Fraud,11,0
is in,0.4876,Fraud,18,4
an for,0.4829,Fraud,16,1
will us,0.4799,Fraud,12,0
more,0.4784,Fraud,24,15
an to,0.4766,Fraud,21,2
your will,0.4748,Fraud,34,2
first at,0.4601,Fraud,18,0
would some,0.4576,Fraud,5,0
for with,0.4498,Fraud,7,1
of please,0.4497,Fraud,5,0
due to,0.4491,Fraud,11,2
per,0.4468,Fraud,13,0
am,0.4455,Fraud,81,39
been in,0.4442,Fraud,18,1
our and,0.4419,Fraud,34,4
is this,0.4405,Fraud,11,3
to an,0.4392,Fraud,26,3
has,0.439,Fraud,49,19
in and,0.4365,Fraud,40,12
you up,0.4333,Fraud,12,1
our this,0.4323,Fraud,14,1
to of,0.4323,Fraud,13,1
this name,0.4307,Fraud,9,0
be,0.4285,Fraud,104,59
us your,0.4262,Fraud,28,5
and and,0.4252,Fraud,12,0
to is,0.4235,Fraud,10,0
have an,0.4203,Fraud,15,0
this you,0.42,Fraud,11,3
from your,0.4199,Fraud,16,10
the your,0.415,Fraud,29,3
of with,0.4116,Fraud,21,0
our we,0.4103,Fraud,27,1
on of,0.4042,Fraud,7,1
now and,0.4004,Fraud,21,0
some from,0.3985,Fraud,6,2
your by,0.3933,Fraud,20,1
are from,0.3917,Fraud,18,2
on the,0.3915,Fraud,22,5
and for,0.3895,Fraud,28,9
name this,0.3878,Fraud,5,1
we would,0.3862,Fraud,17,9
have on,0.3849,Fraud,9,1
of to,0.3845,Fraud,22,2
to more,0.3829,Fraud,11,4
in an,0.3774,Fraud,8,0
along with,0.3767,Fraud,15,0
and you,0.3762,Fraud,29,9
and as,0.3731,Fraud,9,0
for of,0.3718,Fraud,13,1
is from,0.3688,Fraud,5,0
do,0.3674,Fraud,42,16
may,0.3659,Fraud,35,8
up to,0.365,Fraud,22,2
your we,0.3625,Fraud,42,10
on your,0.3615,Fraud,34,22
her,0.3574,Fraud,3,0
you do,0.3571,Fraud,9,0
system for,0.3571,Fraud,7,0
as we,0.3568,Fraud,16,0
there we,0.3564,Fraud,5,0
and now,0.3553,Fraud,12,0
across your,0.3518,Fraud,6,0
and the,0.3506,Fraud,24,3
we an,0.3497,Fraud,8,0
by you,0.3496,Fraud,9,0
by your,0.3488,Fraud,18,0
your now,0.348,Fraud,20,1
as part,0.3443,Fraud,11,0
your has,0.3436,Fraud,12,4
amount,0.3416,Fraud,18,1
your along,0.3405,Fraud,14,0
with for,0.3361,Fraud,3,0
your is,0.3345,Fraud,41,29
within,0.3311,Fraud,17,0
these,0.3295,Fraud,7,0
for an,0.3269,Fraud,14,1
in our,0.3236,Fraud,22,4
any to,0.3211,Fraud,12,1
our for,0.3202,Fraud,26,3
is the,0.3187,Fraud,17,1
some on,0.3174,Fraud,4,1
along,0.3155,Fraud,18,3
for our,0.3131,Fraud,30,12
you more,0.3115,Fraud,4,3
this we,0.3114,Fraud,13,1
you can,0.3112,Fraud,34,11
your are,0.3093,Fraud,12,2
your the,0.3086,Fraud,14,1
that could,0.3068,Fraud,7,0
for we,0.3063,Fraud,15,3
in with,0.3037,Fraud,11,0
with to,0.303,Fraud,12,1
from on,0.3019,Fraud,6,0
am in,0.2966,Fraud,7,0
of we,0.2956,Fraud,7,0
and our,0.2956,Fraud,16,0
our in,0.2925,Fraud,7,0
here,0.2913,Fraud,24,7
by the,0.2906,Fraud,6,1
we to,0.2905,Fraud,29,6
the amount,0.2896,Fraud,14,0
our if,0.2893,Fraud,2,0
in to,0.2887,Fraud,13,3
our you,0.2843,Fraud,15,1
of your,0.2834,Fraud,55,12
we are,0.2828,Fraud,152,90
are for,0.2823,Fraud,25,16
please give,0.2822,Fraud,5,0
at in,0.2784,Fraud,11,0
for your,0.278,Fraud,40,16
for please,0.2774,Fraud,10,3
am from,0.2758,Fraud,11,0
however,0.2753,Fraud,10,0
your it,0.2747,Fraud,13,1
once we,0.2705,Fraud,10,0
four your,0.2705,Fraud,10,0
the four,0.2705,Fraud,10,0
get we,0.27,Fraud,5,0
are by,0.2696,Fraud,4,0
have made,0.2696,Fraud,6,0
you could,0.268,Fraud,12,3
your before,0.2676,Fraud,5,0
is would,0.2664,Fraud,2,2
out on,0.2664,Fraud,19,1
to per,0.2654,Fraud,8,0
where,0.2642,Fraud,26,7
our with,0.2642,Fraud,4,0
serious,0.2635,Fraud,8,0
be part,0.2631,Fraud,8,1
by with,0.2609,Fraud,5,0
and or,0.2597,Fraud,5,0
are an,0.2593,Fraud,13,1
take,0.2569,Fraud,14,3
into,0.2558,Fraud,24,6
for who,0.2554,Fraud,3,0
that can,0.255,Fraud,5,2
to to,0.2544,Fraud,26,8
as your,0.254,Fraud,5,0
you we,0.2503,Fraud,7,1
we of,0.2503,Fraud,7,0
are you,0.2494,Fraud,34,14
amount to,0.2491,Fraud,10,0
there,0.2486,Fraud,27,18
this this,0.2456,Fraud,7,0
we found,0.2453,Fraud,3,0
in the,0.2452,Fraud,43,9
is with,0.2435,Fraud,9,2
an and,0.2435,Fraud,9,1
name it,0.2433,Fraud,10,1
get you,0.2423,Fraud,6,0
as an,0.2419,Fraud,8,0
your as,0.2415,Fraud,9,0
now to,0.2411,Fraud,18,3
are and,0.2409,Fraud,12,3
by this,0.2401,Fraud,9,1
it you,0.2375,Fraud,5,2
by in,0.2374,Fraud,7,0
your first,0.2346,Fraud,5,0
can your,0.2343,Fraud,12,5
us with,0.2338,Fraud,5,1
and will,0.2323,Fraud,16,3
four,0.2319,Fraud,10,1
my,0.2318,Fraud,13,5
to be,0.2314,Fraud,19,6
one,0.2303,Fraud,15,8
are,0.2294,Fraud,196,149
where to,0.2289,Fraud,8,0
on where,0.2289,Fraud,8,0
with from,0.2287,Fraud,3,0
he,0.228,Fraud,3,0
for further,0.2269,Fraud,7,0
who will,0.2248,Fraud,5,0
name has,0.2244,Fraud,6,0
no have,0.2233,Fraud,2,0
never,0.2232,Fraud,7,0
around,0.2229,Fraud,6,1
would your,0.2228,Fraud,3,2
about to,0.2223,Fraud,6,0
yourself in,0.2221,Fraud,11,0
you an,0.222,Fraud,5,1
with the,0.222,Fraud,30,8
you on,0.2214,Fraud,14,4
out of,0.2207,Fraud,4,0
you get,0.2205,Fraud,3,0
of it,0.22,Fraud,7,1
to take,0.2198,Fraud,8,1
no,0.2197,Fraud,14,5
not out,0.2187,Fraud,16,0
this please,0.2178,Fraud,5,1
name here,0.2173,Fraud,7,0
of for,0.217,Fraud,9,1
for now,0.2169,Fraud,4,0
are system,0.2166,Fraud,4,0
to and,0.2156,Fraud,32,10
in in,0.2155,Fraud,4,0
only,0.2155,Fraud,17,2
before,0.2152,Fraud,23,12
must,0.2128,Fraud,6,0
we you,0.2092,Fraud,18,3
my name,0.2091,Fraud,4,0
have for,0.208,Fraud,10,3
will an,0.2079,Fraud,14,0
system and,0.2075,Fraud,4,0
it please,0.2068,Fraud,3,0
your with,0.2061,Fraud,29,8
to may,0.2061,Fraud,6,0
of once,0.2056,Fraud,7,0
you that,0.2049,Fraud,22,9
name is,0.2033,Fraud,9,4
its,0.203,Fraud,17,2
to any,0.2024,Fraud,6,1
been we,0.2013,Fraud,3,0
is that,0.2004,Fraud,5,2
almost,0.2002,Fraud,2,0
us you,0.1999,Fraud,5,0
the the,0.1999,Fraud,10,0
interest and,0.1982,Fraud,3,0
but we,0.1975,Fraud,4,0
our your,0.1973,Fraud,7,0
an in,0.1973,Fraud,7,0
have found,0.1973,Fraud,2,0
found with,0.1973,Fraud,2,0
or even,0.1961,Fraud,4,0
even your,0.1961,Fraud,4,0
see her,0.1956,Fraud,2,0
and these,0.195,Fraud,3,0
to its,0.1928,Fraud,9,0
our our,0.1915,Fraud,9,0
have system,0.191,Fraud,2,0
in your,0.1909,Fraud,17,9
with in,0.1906,Fraud,3,1
to who,0.1904,Fraud,4,0
for while,0.1887,Fraud,4,0
within the,0.1887,Fraud,11,0
your have,0.1886,Fraud,7,0
will some,0.1883,Fraud,4,1
the only,0.1881,Fraud,3,0
to some,0.1868,Fraud,4,0
of our,0.1867,Fraud,26,5
is by,0.1859,Fraud,8,0
can to,0.1853,Fraud,4,0
the as,0.1849,Fraud,12,0
around it,0.1839,Fraud,3,0
me am,0.1834,Fraud,4,0
now the,0.1832,Fraud,5,0
is me,0.1831,Fraud,4,0
this your,0.1829,Fraud,7,0
on this,0.1828,Fraud,16,1
of and,0.1819,Fraud,14,1
your out,0.1784,Fraud,4,0
further,0.1778,Fraud,14,6
an with,0.1771,Fraud,15,3
out we,0.177,Fraud,2,0
name with,0.1768,Fraud,5,0
but,0.1756,Fraud,18,6
your this,0.1751,Fraud,14,1
to before,0.1751,Fraud,2,0
to please,0.1742,Fraud,4,2
and am,0.1742,Fraud,24,4
the without,0.174,Fraud,2,0
your please,0.1737,Fraud,19,6
from there,0.1731,Fraud,2,0
with this,0.1727,Fraud,5,1
be in,0.1724,Fraud,12,9
could around,0.1721,Fraud,2,0
all we,0.172,Fraud,3,0
one of,0.1716,Fraud,6,1
this before,0.169,Fraud,4,0
or you,0.1688,Fraud,5,2
would not,0.1681,Fraud,8,0
your you,0.1681,Fraud,15,8
may your,0.168,Fraud,2,0
your of,0.1677,Fraud,11,2
you must,0.1669,Fraud,4,0
the please,0.1654,Fraud,4,1
for by,0.1654,Fraud,2,1
been to,0.1642,Fraud,9,3
into the,0.1641,Fraud,10,0
give us,0.164,Fraud,4,1
please do,0.1632,Fraud,4,0
been due,0.1627,Fraud,2,0
our system,0.1623,Fraud,5,0
take of,0.162,Fraud,7,0
an your,0.1618,Fraud,2,0
who can,0.1617,Fraud,3,0
per if,0.16,Fraud,2,0
system your,0.1596,Fraud,2,0
fill,0.1594,Fraud,4,0
for it,0.159,Fraud,6,8
your was,0.159,Fraud,4,1
see,0.1582,Fraud,12,8
of is,0.158,Fraud,4,0
an of,0.1573,Fraud,10,2
to now,0.1568,Fraud,2,0
this call,0.1561,Fraud,3,0
your that,0.1556,Fraud,3,0
your may,0.1549,Fraud,7,0
one to,0.1546,Fraud,2,1
that was,0.1543,Fraud,2,0
seems,0.1542,Fraud,7,2
much,0.1526,Fraud,8,4
will it,0.1523,Fraud,3,0
in serious,0.1516,Fraud,4,0
call from,0.1515,Fraud,2,0
are your,0.1515,Fraud,7,2
made,0.1513,Fraud,11,6
there are,0.1513,Fraud,1,1
more to,0.1512,Fraud,3,0
an part,0.1504,Fraud,4,0
as this,0.1499,Fraud,5,0
with and,0.1497,Fraud,21,6
our of,0.1491,Fraud,9,0
me this,0.1489,Fraud,6,0
am around,0.1486,Fraud,2,0
again,0.1486,Fraud,3,2
more us,0.1484,Fraud,3,0
are we,0.1482,Fraud,3,4
done,0.1479,Fraud,6,0
will to,0.1475,Fraud,5,0
with interest,0.1472,Fraud,2,0
in system,0.1454,Fraud,3,0
in through,0.1454,Fraud,3,0
an we,0.1454,Fraud,8,1
with on,0.1452,Fraud,4,0
with who,0.1449,Fraud,2,0
as you,0.1443,Fraud,8,2
or over,0.1431,Fraud,2,0
or the,0.143,Fraud,2,1
before it,0.143,Fraud,3,0
go we,0.1429,Fraud,2,0
your not,0.1429,Fraud,2,0
not go,0.1429,Fraud,2,0
you at,0.1424,Fraud,2,0
where you,0.1423,Fraud,5,2
be for,0.1423,Fraud,12,7
the now,0.1423,Fraud,4,0
not to,0.1416,Fraud,9,1
to system,0.1414,Fraud,2,0
do for,0.1405,Fraud,2,0
for the,0.1403,Fraud,52,16
yours,0.1402,Fraud,3,0
not or,0.1401,Fraud,2,0
yourself,0.1384,Fraud,19,3
because,0.1381,Fraud,2,1
for detail,0.137,Fraud,2,0
detail to,0.137,Fraud,2,0
detail,0.137,Fraud,2,0
our by,0.1364,Fraud,4,0
with me,0.136,Fraud,2,4
with an,0.1356,Fraud,4,0
per to,0.1356,Fraud,5,0
an that,0.1355,Fraud,8,1
at through,0.1354,Fraud,3,0
through in,0.1354,Fraud,3,0
he is,0.1351,Fraud,3,0
however we,0.1349,Fraud,4,0
of system,0.1349,Fraud,2,0
may the,0.1349,Fraud,4,1
and what,0.1335,Fraud,4,1
for or,0.133,Fraud,3,1
fill out,0.1324,Fraud,3,0
on as,0.1321,Fraud,3,0
us in,0.1315,Fraud,4,0
an this,0.1313,Fraud,2,0
all your,0.1313,Fraud,5,1
have and,0.131,Fraud,8,1
an the,0.131,Fraud,6,0
could see,0.1309,Fraud,5,0
back and,0.1307,Fraud,2,0
less,0.1305,Fraud,3,0
on its,0.1303,Fraud,5,0
with of,0.1295,Fraud,4,0
of in,0.1295,Fraud,6,0
there has,0.1294,Fraud,2,0
we some,0.1282,Fraud,4,0
this with,0.128,Fraud,7,0
not it,0.128,Fraud,3,0
of any,0.1274,Fraud,10,0
here from,0.1273,Fraud,3,0
your call,0.127,Fraud,4,0
at this,0.1266,Fraud,5,6
most,0.1262,Fraud,4,0
our it,0.1258,Fraud,4,0
the this,0.1254,Fraud,6,0
you as,0.1252,Fraud,7,2
first to,0.1251,Fraud,8,1
been am,0.1244,Fraud,3,1
at an,0.1239,Fraud,4,0
will and,0.1238,Fraud,4,0
you from,0.1235,Fraud,2,0
are the,0.1234,Fraud,7,2
be this,0.1232,Fraud,7,1
will for,0.1231,Fraud,2,0
all and,0.1231,Fraud,2,0
an by,0.123,Fraud,3,0
can on,0.1226,Fraud,3,0
will in,0.1226,Fraud,4,0
an from,0.1218,Fraud,5,0
call to,0.1217,Fraud,5,1
will out,0.1217,Fraud,4,0
once you,0.1212,Fraud,5,0
however to,0.1211,Fraud,4,0
for do,0.121,Fraud,3,0
could your,0.121,Fraud,6,1
each,0.121,Fraud,4,1
me in,0.1208,Fraud,2,0
name by,0.1207,Fraud,4,1
have or,0.1198,Fraud,3,2
with we,0.1193,Fraud,5,0
to these,0.1193,Fraud,2,0
of over,0.1191,Fraud,2,0
can up,0.1191,Fraud,7,3
one can,0.119,Fraud,2,0
on now,0.119,Fraud,2,0
only one,0.119,Fraud,2,0
it we,0.1189,Fraud,3,2
our once,0.1183,Fraud,7,0
get your,0.1182,Fraud,3,0
from is,0.1179,Fraud,2,1
been this,0.1178,Fraud,2,0
out from,0.1176,Fraud,4,0
the yourself,0.1174,Fraud,4,0
once in,0.1167,Fraud,2,0
to each,0.1154,Fraud,3,1
yours my,0.1153,Fraud,2,0
and yours,0.1153,Fraud,2,0
are about,0.1153,Fraud,3,2
upon,0.115,Fraud,6,0
my we,0.115,Fraud,3,0
so our,0.1148,Fraud,2,0
not the,0.1143,Fraud,4,0
to into,0.1141,Fraud,3,0
up your,0.1135,Fraud,6,3
once the,0.1131,Fraud,10,0
in more,0.1129,Fraud,2,1
to for,0.1126,Fraud,17,9
been as,0.1125,Fraud,3,0
made to,0.1125,Fraud,3,0
please with,0.1119,Fraud,3,0
such as,0.1117,Fraud,4,1
been your,0.1115,Fraud,5,0
with it,0.1111,Fraud,2,0
the at,0.111,Fraud,15,7
us by,0.1107,Fraud,2,0
as well,0.1106,Fraud,1,2
is of,0.1105,Fraud,7,1
nine,0.1103,Fraud,2,0
from yourself,0.1101,Fraud,4,0
part in,0.1098,Fraud,2,0
be you,0.1098,Fraud,3,1
can be,0.1092,Fraud,3,2
into and,0.1085,Fraud,2,0
be among,0.1083,Fraud,6,1
among,0.1083,Fraud,6,1
among the,0.1083,Fraud,6,1
and with,0.1083,Fraud,10,2
some and,0.1083,Fraud,3,0
my your,0.1081,Fraud,2,0
your my,0.1081,Fraud,2,0
the most,0.108,Fraud,3,0
that you,0.1079,Fraud,13,7
this now,0.1074,Fraud,11,0
through this,0.1072,Fraud,11,0
been part,0.1072,Fraud,2,0
have our,0.1072,Fraud,4,0
have some,0.107,Fraud,3,2
to further,0.1067,Fraud,2,0
for in,0.1066,Fraud,9,2
will see,0.1064,Fraud,6,0
amount of,0.1062,Fraud,2,0
your from,0.1061,Fraud,5,1
how much,0.1059,Fraud,4,1
now this,0.1058,Fraud,2,0
was for,0.1057,Fraud,2,0
please we,0.1055,Fraud,2,0
each it,0.1048,Fraud,2,0
while now,0.1048,Fraud,2,0
are of,0.1045,Fraud,8,2
me your,0.1044,Fraud,2,0
up us,0.1042,Fraud,2,0
the our,0.1042,Fraud,8,0
or will,0.1039,Fraud,2,0
will never,0.1038,Fraud,2,0
less than,0.1036,Fraud,2,0
more and,0.1036,Fraud,3,0
but you,0.1036,Fraud,2,0
system you,0.1034,Fraud,2,0
of but,0.1031,Fraud,2,0
that we,0.103,Fraud,6,2
serious and,0.1029,Fraud,3,0
not this,0.1025,Fraud,5,0
see our,0.1018,Fraud,3,0
could with,0.1018,Fraud,3,0
within few,0.1018,Fraud,3,0
see within,0.1018,Fraud,3,0
with if,0.1018,Fraud,3,0
first as,0.1018,Fraud,3,0
an you,0.101,Fraud,3,0
at or,0.1006,Fraud,12,0
few to,0.0997,Fraud,3,1
by for,0.0994,Fraud,2,0
you now,0.099,Fraud,2,0
from into,0.0989,Fraud,3,0
we we,0.0984,Fraud,3,0
please us,0.0978,Fraud,2,2
never before,0.0974,Fraud,4,0
our may,0.0973,Fraud,2,0
of up,0.0971,Fraud,5,0
is much,0.0968,Fraud,2,0
done you,0.0967,Fraud,4,0
anyone,0.0965,Fraud,3,0
from due,0.0956,Fraud,2,0
here we,0.0954,Fraud,3,0
are well,0.0948,Fraud,4,0
an into,0.0942,Fraud,3,0
on you,0.0937,Fraud,2,3
for you,0.0929,Fraud,24,17
am my,0.0928,Fraud,2,0
what do,0.0922,Fraud,3,0
get to,0.0918,Fraud,2,0
before the,0.0918,Fraud,5,3
before your,0.0916,Fraud,2,0
at the,0.0914,Fraud,19,7
and once,0.0913,Fraud,7,0
be we,0.0913,Fraud,2,0
system this,0.0912,Fraud,2,0
seems to,0.0908,Fraud,3,0
there seems,0.0908,Fraud,3,0
your there,0.0891,Fraud,2,2
the out,0.089,Fraud,2,0
you is,0.0888,Fraud,2,0
our through,0.0884,Fraud,10,0
be once,0.0882,Fraud,3,0
much can,0.0881,Fraud,2,0
this how,0.0881,Fraud,2,0
and so,0.0877,Fraud,5,3
serious to,0.0872,Fraud,2,0
to will,0.087,Fraud,3,0
you to,0.0869,Fraud,87,61
of at,0.0865,Fraud,2,1
without,0.0862,Fraud,8,2
on with,0.086,Fraud,4,1
which,0.0859,Fraud,2,0
off the,0.0856,Fraud,3,0
system has,0.0849,Fraud,2,0
for and,0.0848,Fraud,17,5
an but,0.0844,Fraud,2,0
the be,0.0844,Fraud,2,0
the where,0.0843,Fraud,2,0
with are,0.0842,Fraud,2,1
has up,0.0838,Fraud,4,1
be your,0.0837,Fraud,2,1
have with,0.0837,Fraud,3,1
will have,0.0832,Fraud,2,0
as are,0.0829,Fraud,3,0
where do,0.0828,Fraud,2,0
on our,0.0827,Fraud,14,3
get at,0.0825,Fraud,2,0
without any,0.0821,Fraud,4,0
in there,0.0819,Fraud,2,0
it seems,0.0818,Fraud,4,2
is for,0.0816,Fraud,35,16
so your,0.0816,Fraud,9,0
have already,0.0815,Fraud,3,0
here the,0.0812,Fraud,3,0
your into,0.0809,Fraud,4,0
our be,0.0808,Fraud,2,0
seems there,0.0806,Fraud,2,0
for only,0.0804,Fraud,5,0
you all,0.0803,Fraud,4,0
at our,0.0802,Fraud,3,2
not anyone,0.0798,Fraud,2,0
but could,0.0798,Fraud,2,0
anyone but,0.0798,Fraud,2,0
this and,0.0797,Fraud,8,3
the here,0.0796,Fraud,4,0
to once,0.0796,Fraud,3,0
very you,0.0796,Fraud,2,0
its now,0.0787,Fraud,2,0
and fill,0.0782,Fraud,2,0
may in,0.0773,Fraud,5,1
our can,0.0765,Fraud,3,2
it has,0.0762,Fraud,7,6
your well,0.076,Fraud,2,0
me with,0.0757,Fraud,2,1
from to,0.0754,Fraud,7,5
with you,0.0754,Fraud,16,7
well however,0.0754,Fraud,3,0
once this,0.0754,Fraud,3,0
is done,0.0754,Fraud,3,0
any this,0.0754,Fraud,3,0
could to,0.0751,Fraud,2,0
the do,0.0748,Fraud,2,0
made your,0.0746,Fraud,2,0
and take,0.0744,Fraud,2,0
to from,0.0736,Fraud,3,0
and never,0.0735,Fraud,2,0
the is,0.0734,Fraud,16,3
all you,0.0732,Fraud,4,0
do is,0.0732,Fraud,4,0
per are,0.073,Fraud,2,0
has that,0.0728,Fraud,2,0
would also,0.0726,Fraud,2,0
also it,0.0726,Fraud,2,0
only your,0.0726,Fraud,3,0
our at,0.0725,Fraud,17,6
we for,0.072,Fraud,7,2
with now,0.0718,Fraud,2,0
get our,0.0718,Fraud,3,0
can see,0.0715,Fraud,3,1
off your,0.0713,Fraud,2,0
next you,0.0707,Fraud,1,1
we from,0.0704,Fraud,2,0
because we,0.0704,Fraud,1,1
get for,0.0701,Fraud,3,0
am an,0.0691,Fraud,3,0
and other,0.0689,Fraud,6,1
was by,0.0676,Fraud,2,0
what is,0.0675,Fraud,7,4
this in,0.0674,Fraud,3,0
to at,0.0673,Fraud,5,3
is please,0.0673,Fraud,2,1
in full,0.0672,Fraud,2,0
call is,0.0661,Fraud,2,0
well,0.0659,Fraud,11,8
out your,0.0657,Fraud,2,0
give,0.0654,Fraud,6,5
the you,0.0652,Fraud,30,19
get the,0.0651,Fraud,5,1
as for,0.065,Fraud,2,0
our that,0.065,Fraud,3,0
ever to,0.0649,Fraud,2,0
will that,0.0645,Fraud,3,0
off,0.0642,Fraud,7,4
for part,0.064,Fraud,3,0
these to,0.0639,Fraud,2,0
but it,0.0639,Fraud,1,1
been with,0.0638,Fraud,2,1
take to,0.0637,Fraud,2,0
will this,0.0637,Fraud,4,0
for once,0.0636,Fraud,2,0
into us,0.0634,Fraud,2,0
up for,0.0634,Fraud,8,10
are where,0.0629,Fraud,2,0
across,0.0625,Fraud,7,8
there am,0.062,Fraud,2,0
must to,0.0617,Fraud,2,0
be one,0.0617,Fraud,3,0
we may,0.0616,Fraud,7,0
as of,0.0615,Fraud,3,0
two,0.0613,Fraud,2,0
that,0.0611,Fraud,72,52
along the,0.0608,Fraud,3,0
be with,0.06,Fraud,4,1
now we,0.0598,Fraud,2,0
an it,0.0598,Fraud,2,0
this are,0.0598,Fraud,2,0
not an,0.0598,Fraud,2,0
our has,0.0597,Fraud,6,0
our under,0.0593,Fraud,3,0
your once,0.0592,Fraud,2,0
have the,0.0583,Fraud,6,2
for being,0.0581,Fraud,2,1
of by,0.058,Fraud,2,0
after,0.058,Fraud,13,3
is up,0.0573,Fraud,1,3
this all,0.0569,Fraud,2,0
beyond,0.0566,Fraud,2,0
has of,0.0563,Fraud,3,0
on am,0.0559,Fraud,4,0
towards,0.0559,Fraud,4,0
see your,0.0559,Fraud,4,0
in very,0.0559,Fraud,4,0
towards through,0.0559,Fraud,4,0
you some,0.0555,Fraud,2,1
you further,0.0548,Fraud,2,1
about this,0.0536,Fraud,1,1
after the,0.0535,Fraud,3,0
through our,0.0534,Fraud,6,1
every,0.0526,Fraud,4,2
into of,0.0521,Fraud,2,0
or where,0.052,Fraud,6,0
where our,0.052,Fraud,6,0
due,0.0515,Fraud,12,11
our via,0.051,Fraud,2,0
be an,0.0506,Fraud,2,0
via,0.0505,Fraud,3,2
in no,0.0505,Fraud,6,1
and if,0.05,Fraud,2,0
as as,0.0499,Fraud,3,1
an off,0.0498,Fraud,3,0
full to,0.0498,Fraud,2,0
it could,0.0497,Fraud,2,1
and can,0.0489,Fraud,3,3
we our,0.0488,Fraud,6,0
may be,0.0485,Fraud,9,2
here me,0.0484,Fraud,3,0
me you,0.0476,Fraud,6,1
the with,0.0475,Fraud,13,2
found,0.0475,Fraud,5,10
not only,0.0475,Fraud,3,0
any me,0.0473,Fraud,2,0
made name,0.0473,Fraud,2,0
are that,0.0472,Fraud,4,1
our as,0.0471,Fraud,2,0
to has,0.0467,Fraud,3,1
first within,0.0467,Fraud,2,0
their after,0.0465,Fraud,4,0
after in,0.0465,Fraud,4,0
us our,0.0465,Fraud,2,1
top,0.0464,Fraud,3,0
to name,0.0461,Fraud,3,1
am to,0.0458,Fraud,20,10
has for,0.0454,Fraud,3,0
we is,0.045,Fraud,2,1
such,0.0447,Fraud,5,4
here to,0.0436,Fraud,9,3
now for,0.0434,Fraud,12,3
our where,0.0431,Fraud,2,0
your or,0.0431,Fraud,9,6
into your,0.043,Fraud,3,1
and however,0.043,Fraud,2,0
name if,0.0425,Fraud,1,2
it if,0.0424,Fraud,2,1
and along,0.0423,Fraud,2,0
to on,0.0421,Fraud,8,6
first in,0.042,Fraud,2,0
can for,0.0415,Fraud,1,1
also your,0.0411,Fraud,2,0
and into,0.0408,Fraud,1,1
in please,0.0406,Fraud,2,1
are if,0.0398,Fraud,2,0
see of,0.0398,Fraud,2,0
of name,0.0398,Fraud,2,0
all towards,0.0398,Fraud,2,0
on their,0.0398,Fraud,8,1
name have,0.0396,Fraud,10,9
few this,0.0389,Fraud,3,1
is amount,0.0386,Fraud,2,0
your me,0.0382,Fraud,3,2
the but,0.0381,Fraud,3,0
you our,0.0379,Fraud,4,1
to see,0.0377,Fraud,2,3
for could,0.0376,Fraud,3,2
that this,0.0375,Fraud,3,0
next will,0.0366,Fraud,6,0
and are,0.0353,Fraud,4,2
us how,0.035,Fraud,1,1
our now,0.035,Fraud,2,0
our to,0.0349,Fraud,25,8
to all,0.0349,Fraud,4,2
have where,0.0348,Fraud,2,2
to move,0.0343,Fraud,2,1
out to,0.0342,Fraud,8,4
that your,0.0335,Fraud,15,10
here is,0.0331,Fraud,3,0
the that,0.0329,Fraud,4,2
first who,0.0325,Fraud,6,0
is too,0.0325,Fraud,2,0
and more,0.0322,Fraud,5,1
in top,0.0315,Fraud,2,0
now be,0.0311,Fraud,1,1
from name,0.0311,Fraud,1,1
part is,0.0309,Fraud,2,0
are here,0.0307,Fraud,4,1
our up,0.0305,Fraud,1,1
on what,0.0302,Fraud,1,1
every it,0.0298,Fraud,1,1
upon you,0.0295,Fraud,3,0
of as,0.0294,Fraud,2,0
me about,0.0292,Fraud,1,1
other to,0.029,Fraud,2,0
with some,0.0282,Fraud,3,2
if any,0.0282,Fraud,3,0
us now,0.028,Fraud,4,0
at for,0.028,Fraud,2,2
off for,0.0269,Fraud,1,1
up with,0.0268,Fraud,3,1
the have,0.0266,Fraud,4,0
and on,0.0264,Fraud,5,1
the am,0.0262,Fraud,4,0
not your,0.0258,Fraud,2,0
as and,0.0258,Fraud,2,1
about we,0.0255,Fraud,1,1
be after,0.0252,Fraud,4,1
several,0.0249,Fraud,1,1
for one,0.0246,Fraud,1,1
in by,0.0246,Fraud,2,1
at to,0.0243,Fraud,2,1
am your,0.0243,Fraud,2,0
next only,0.0241,Fraud,2,0
you name,0.0241,Fraud,2,0
is as,0.0231,Fraud,1,1
once is,0.023,Fraud,2,0
for not,0.0229,Fraud,2,0
and have,0.0227,Fraud,2,2
our after,0.0224,Fraud,2,0
so please,0.0224,Fraud,2,0
out our,0.0224,Fraud,4,1
with upon,0.0215,Fraud,2,0
after your,0.0215,Fraud,2,0
the all,0.0208,Fraud,2,0
full and,0.0208,Fraud,2,1
are it,0.0208,Fraud,1,1
very this,0.0208,Fraud,2,0
you towards,0.0208,Fraud,2,0
no and,0.0208,Fraud,2,0
now am,0.0207,Fraud,3,0
should any,0.02,Fraud,2,0
the same,0.0197,Fraud,2,1
same,0.0197,Fraud,2,1
the it,0.0195,Fraud,2,1
will not,0.0193,Fraud,2,0
but also,0.0193,Fraud,2,0
only but,0.0193,Fraud,2,0
on to,0.0193,Fraud,3,3
now it,0.0193,Fraud,3,1
who within,0.0192,Fraud,3,0
are on,0.019,Fraud,11,14
may to,0.0187,Fraud,11,2
and please,0.0184,Fraud,9,4
in that,0.0183,Fraud,3,1
their do,0.0177,Fraud,3,0
your upon,0.0177,Fraud,2,0
is our,0.0176,Fraud,6,3
many yourself,0.0176,Fraud,3,0
out this,0.0174,Fraud,1,1
us get,0.017,Fraud,2,1
an do,0.0165,Fraud,2,0
that up,0.0164,Fraud,1,1
your interest,0.0163,Fraud,4,1
to do,0.0162,Fraud,8,2
and by,0.016,Fraud,2,0
there might,0.016,Fraud,2,0
by our,0.0156,Fraud,6,2
you with,0.0154,Fraud,12,5
is about,0.0154,Fraud,3,2
our is,0.0153,Fraud,10,3
please all,0.0149,Fraud,2,1
its to,0.0148,Fraud,5,1
it some,0.0148,Fraud,3,2
not all,0.0147,Fraud,2,0
but that,0.0147,Fraud,2,0
was you,0.0141,Fraud,1,1
yourself their,0.014,Fraud,2,0
we together,0.0137,Fraud,1,1
about you,0.0124,Fraud,1,1
from and,0.012,Fraud,5,3
of now,0.012,Fraud,2,0
have that,0.0117,Fraud,4,1
what,0.0113,Fraud,11,9
the my,0.0111,Fraud,2,0
your take,0.0106,Fraud,1,1
that have,0.0106,Fraud,2,0
and that,0.0104,Fraud,3,1
have if,0.0099,Fraud,1,1
too to,0.0096,Fraud,3,2
or your,0.0096,Fraud,2,3
already their,0.0095,Fraud,2,0
many have,0.0095,Fraud,2,0
but has,0.0095,Fraud,2,0
before and,0.0092,Fraud,1,1
amount we,0.0092,Fraud,2,0
once your,0.0092,Fraud,2,0
your within,0.0092,Fraud,2,0
yourself have,0.0092,Fraud,2,0
the into,0.0092,Fraud,2,0
do so,0.0089,Fraud,1,1
on us,0.0087,Fraud,1,1
you this,0.0081,Fraud,1,1
through the,0.0081,Fraud,10,4
name for,0.0079,Fraud,2,1
other,0.0079,Fraud,7,3
in as,0.0064,Fraud,2,1
us the,0.0063,Fraud,8,4
into to,0.0063,Fraud,1,1
your our,0.0057,Fraud,10,3
and there,0.0055,Fraud,4,1
found that,0.0052,Fraud,1,1
you through,0.0049,Fraud,8,4
under your,0.0041,Fraud,1,1
can you,0.004,Fraud,21,18
you are,0.0039,Fraud,35,37
be so,0.0029,Fraud,6,2
between to,0.0014,Fraud,2,1
name at,0.0013,Fraud,2,1
now before,0.001,Fraud,1,1
any for,0.0009,Fraud,1,1
are out,0.0008,Fraud,3,2
is well,0.0003,Fraud,2,1
you because,0.0001,Fraud,1,1
could be,-0.0006,Normal,5,3
over the,-0.0017,Normal,4,5
to with,-0.002,Normal,21,13
and an,-0.0023,Normal,4,1
find the,-0.0029,Normal,1,1
was,-0.0032,Normal,13,14
on please,-0.0034,Normal,1,1
are during,-0.0037,Normal,1,1
for that,-0.0043,Normal,2,2
you there,-0.0045,Normal,1,1
has on,-0.0049,Normal,1,1
up this,-0.0054,Normal,1,1
this could,-0.0061,Normal,2,1
the system,-0.0061,Normal,1,1
many,-0.0069,Normal,6,1
from,-0.008,Normal,173,144
it your,-0.0083,Normal,3,1
be by,-0.0085,Normal,4,1
of could,-0.0088,Normal,1,1
our show,-0.0088,Normal,1,1
an about,-0.0093,Normal,2,2
for me,-0.0095,Normal,2,3
and is,-0.0095,Normal,3,2
is but,-0.0097,Normal,1,1
well with,-0.01,Normal,1,1
our could,-0.01,Normal,5,4
have us,-0.0102,Normal,1,1
us me,-0.0104,Normal,1,1
call you,-0.0104,Normal,1,1
this us,-0.0105,Normal,1,1
of will,-0.0108,Normal,3,1
become,-0.0115,Normal,1,1
that has,-0.0116,Normal,2,1
when you,-0.0117,Normal,1,3
or for,-0.012,Normal,3,1
not about,-0.0121,Normal,1,1
will on,-0.0129,Normal,2,1
already,-0.0143,Normal,4,2
would for,-0.0148,Normal,1,2
you still,-0.0152,Normal,1,1
so much,-0.0158,Normal,1,2
under,-0.0165,Normal,5,2
in you,-0.0168,Normal,6,4
our or,-0.0168,Normal,1,1
up in,-0.0175,Normal,3,2
and few,-0.018,Normal,1,1
be if,-0.0182,Normal,1,1
in of,-0.0184,Normal,10,2
under the,-0.021,Normal,4,1
your in,-0.0211,Normal,26,12
or with,-0.0215,Normal,1,2
for up,-0.0215,Normal,1,1
this our,-0.0225,Normal,1,1
the for,-0.0228,Normal,9,7
name will,-0.0236,Normal,1,2
rather,-0.0241,Normal,1,1
one and,-0.0241,Normal,1,1
to us,-0.0243,Normal,7,7
there to,-0.0243,Normal,1,1
is not,-0.0248,Normal,4,1
are in,-0.0255,Normal,12,7
you may,-0.0256,Normal,9,7
their this,-0.0263,Normal,1,1
my the,-0.027,Normal,1,1
is if,-0.0272,Normal,1,2
show,-0.0276,Normal,2,2
be the,-0.0277,Normal,3,1
you by,-0.0282,Normal,2,1
as the,-0.0293,Normal,3,1
for yourself,-0.0297,Normal,1,1
have of,-0.0298,Normal,5,2
of on,-0.0299,Normal,2,2
you well,-0.0301,Normal,1,1
was to,-0.0313,Normal,2,2
you made,-0.032,Normal,1,1
can the,-0.032,Normal,16,12
this on,-0.0323,Normal,1,2
the me,-0.0326,Normal,2,2
to call,-0.0328,Normal,1,2
where we,-0.0329,Normal,1,1
can and,-0.0329,Normal,2,2
name are,-0.033,Normal,1,1
how you,-0.0332,Normal,1,2
out the,-0.0338,Normal,1,2
by us,-0.0345,Normal,2,1
through,-0.0349,Normal,33,12
the in,-0.035,Normal,10,4
have had,-0.0354,Normal,1,1
be to,-0.0355,Normal,23,17
to yourself,-0.0356,Normal,3,1
in is,-0.036,Normal,2,1
are to,-0.0361,Normal,44,25
at we,-0.0361,Normal,2,1
to could,-0.0365,Normal,3,3
our the,-0.0374,Normal,6,2
other this,-0.0383,Normal,1,1
together to,-0.0385,Normal,2,1
its and,-0.0393,Normal,2,1
one for,-0.0395,Normal,2,1
be from,-0.0398,Normal,1,2
much to,-0.0401,Normal,1,2
than ever,-0.0403,Normal,1,1
your while,-0.0403,Normal,1,1
ever,-0.0404,Normal,2,2
be on,-0.0405,Normal,9,2
or our,-0.0409,Normal,1,1
us are,-0.0418,Normal,1,1
am out,-0.0427,Normal,3,3
in we,-0.043,Normal,3,2
the or,-0.043,Normal,6,7
move,-0.0433,Normal,2,3
it in,-0.0442,Normal,1,1
at us,-0.0452,Normal,1,3
at and,-0.0453,Normal,9,6
the if,-0.0454,Normal,1,3
and where,-0.0457,Normal,1,1
very,-0.0461,Normal,7,6
your for,-0.0462,Normal,45,24
your during,-0.0469,Normal,1,1
was very,-0.0476,Normal,0,2
you me,-0.0476,Normal,3,10
for for,-0.0478,Normal,4,3
few,-0.048,Normal,11,10
that our,-0.0483,Normal,1,1
for its,-0.0483,Normal,2,1
call for,-0.0487,Normal,0,2
that every,-0.0487,Normal,1,2
you not,-0.0488,Normal,1,1
the will,-0.0491,Normal,4,2
with would,-0.05,Normal,0,2
that on,-0.0501,Normal,0,2
your do,-0.051,Normal,1,1
it this,-0.0511,Normal,1,1
your at,-0.0524,Normal,1,2
than,-0.0524,Normal,4,5
any you,-0.0527,Normal,1,2
or keep,-0.0528,Normal,0,2
keep you,-0.0528,Normal,0,2
keep,-0.0528,Normal,0,2
last the,-0.0536,Normal,1,1
might it,-0.0537,Normal,0,2
we that,-0.0543,Normal,1,2
no to,-0.0545,Normal,1,1
what you,-0.0546,Normal,1,2
it on,-0.0552,Normal,1,2
am you,-0.0558,Normal,2,1
have it,-0.0563,Normal,2,2
in so,-0.0566,Normal,1,3
we in,-0.0569,Normal,2,1
that it,-0.0572,Normal,1,1
have from,-0.0587,Normal,1,1
it us,-0.0593,Normal,0,2
interest,-0.0607,Normal,10,8
will do,-0.063,Normal,1,1
and something,-0.0634,Normal,0,2
as please,-0.0634,Normal,1,1
to by,-0.0636,Normal,4,5
since,-0.0641,Normal,1,2
on by,-0.065,Normal,0,2
am here,-0.0651,Normal,6,4
being,-0.0651,Normal,6,7
are our,-0.0661,Normal,1,1
up call,-0.0661,Normal,0,2
name how,-0.0665,Normal,0,2
the name,-0.0666,Normal,2,1
or should,-0.0672,Normal,0,2
found for,-0.0673,Normal,0,2
of us,-0.0674,Normal,1,2
up we,-0.0675,Normal,1,1
is very,-0.0677,Normal,2,2
for is,-0.0679,Normal,1,2
if anything,-0.0687,Normal,0,2
any we,-0.0696,Normal,6,2
have such,-0.0696,Normal,0,2
last it,-0.0698,Normal,0,2
how have,-0.0705,Normal,0,2
get all,-0.0707,Normal,1,1
from has,-0.071,Normal,0,2
together and,-0.0711,Normal,0,2
would have,-0.0713,Normal,0,2
while you,-0.0716,Normal,0,2
on if,-0.0721,Normal,0,2
the over,-0.0723,Normal,0,2
to together,-0.0726,Normal,6,4
can now,-0.0726,Normal,1,2
over your,-0.0727,Normal,0,2
we still,-0.0728,Normal,0,2
to have,-0.0729,Normal,6,5
us we,-0.0734,Normal,1,3
or someone,-0.0735,Normal,0,2
name into,-0.0739,Normal,1,1
still on,-0.0741,Normal,0,2
to few,-0.0743,Normal,1,1
out for,-0.0751,Normal,0,2
it was,-0.0752,Normal,3,6
and of,-0.0756,Normal,15,8
through and,-0.076,Normal,1,1
me it,-0.076,Normal,0,2
there is,-0.076,Normal,8,10
in for,-0.0763,Normal,1,1
this the,-0.0765,Normal,1,2
next would,-0.0766,Normal,0,3
you while,-0.0766,Normal,0,2
and even,-0.0772,Normal,0,2
it at,-0.0773,Normal,0,2
find,-0.0784,Normal,2,4
as to,-0.0786,Normal,2,1
with or,-0.0791,Normal,1,3
at that,-0.0792,Normal,0,2
something at,-0.0792,Normal,0,2
their the,-0.0794,Normal,1,1
from that,-0.0802,Normal,0,2
with few,-0.0805,Normal,1,2
that the,-0.0806,Normal,2,2
that might,-0.0813,Normal,0,2
us on,-0.0819,Normal,5,1
are with,-0.0821,Normal,9,6
to that,-0.0824,Normal,5,3
and all,-0.0825,Normal,2,5
please this,-0.0827,Normal,1,1
or do,-0.0827,Normal,0,2
we and,-0.0828,Normal,0,2
move to,-0.0843,Normal,0,2
of are,-0.0846,Normal,2,1
and up,-0.0846,Normal,5,4
still for,-0.0848,Normal,1,3
please to,-0.0848,Normal,2,2
call so,-0.085,Normal,0,2
something you,-0.0851,Normal,0,2
and in,-0.0855,Normal,8,4
do together,-0.0866,Normal,0,3
you too,-0.0867,Normal,0,2
that and,-0.087,Normal,2,3
be between,-0.087,Normal,0,2
me sometime,-0.0873,Normal,0,2
me of,-0.0881,Normal,0,2
the was,-0.0883,Normal,0,2
all,-0.0886,Normal,21,14
about from,-0.0899,Normal,1,1
am at,-0.09,Normal,0,2
or call,-0.0908,Normal,0,2
the us,-0.0909,Normal,2,2
their and,-0.0909,Normal,1,2
to can,-0.0912,Normal,1,2
name my,-0.0917,Normal,1,2
or have,-0.0918,Normal,0,3
you anything,-0.0921,Normal,0,2
can with,-0.0924,Normal,1,3
or please,-0.0925,Normal,1,3
your next,-0.093,Normal,1,3
my and,-0.0931,Normal,2,2
for something,-0.0933,Normal,0,2
might have,-0.0934,Normal,0,2
next we,-0.0935,Normal,1,3
you give,-0.0939,Normal,0,2
back from,-0.0943,Normal,0,2
name back,-0.0943,Normal,0,2
have so,-0.0943,Normal,0,2
or we,-0.0944,Normal,0,2
last and,-0.0947,Normal,0,2
on that,-0.0955,Normal,0,2
should do,-0.0955,Normal,0,2
your what,-0.0961,Normal,1,2
some you,-0.0966,Normal,0,2
your last,-0.097,Normal,0,2
even,-0.0971,Normal,6,7
any side,-0.0972,Normal,0,2
side or,-0.0972,Normal,0,2
at it,-0.0973,Normal,0,4
bill can,-0.0984,Normal,0,2
last me,-0.0987,Normal,0,3
you last,-0.0993,Normal,0,3
next to,-0.0993,Normal,0,2
should we,-0.0998,Normal,0,3
is no,-0.0999,Normal,2,2
this would,-0.1008,Normal,0,3
while your,-0.101,Normal,2,1
from our,-0.1015,Normal,6,6
us have,-0.1015,Normal,0,2
to are,-0.1017,Normal,0,2
until if,-0.1019,Normal,0,2
through it,-0.102,Normal,0,2
up and,-0.1021,Normal,2,7
the around,-0.1024,Normal,1,1
side,-0.1034,Normal,1,3
to out,-0.1037,Normal,5,5
that to,-0.1038,Normal,1,3
might to,-0.1039,Normal,0,2
well and,-0.1039,Normal,0,2
name out,-0.1039,Normal,1,3
on for,-0.1039,Normal,1,4
and us,-0.1043,Normal,14,5
name of,-0.105,Normal,3,2
from this,-0.1052,Normal,0,3
are any,-0.1054,Normal,0,3
across that,-0.106,Normal,0,2
how to,-0.1062,Normal,0,3
that with,-0.1067,Normal,3,3
something to,-0.1072,Normal,1,3
me call,-0.1078,Normal,0,2
and about,-0.1082,Normal,0,3
during our,-0.1084,Normal,1,3
about could,-0.1092,Normal,0,3
you should,-0.1093,Normal,1,3
that for,-0.1095,Normal,0,2
our are,-0.1096,Normal,10,4
due would,-0.1104,Normal,0,2
out about,-0.1107,Normal,0,2
me when,-0.1108,Normal,0,3
your can,-0.1108,Normal,4,4
on can,-0.1111,Normal,1,2
or this,-0.1115,Normal,0,2
out so,-0.1117,Normal,0,2
how are,-0.1127,Normal,0,2
you any,-0.1129,Normal,1,3
call this,-0.1131,Normal,0,3
give me,-0.1132,Normal,1,3
before we,-0.1132,Normal,3,3
if we,-0.1135,Normal,0,2
all the,-0.1136,Normal,1,2
what for,-0.1141,Normal,0,2
all about,-0.1141,Normal,1,4
your without,-0.1141,Normal,3,1
the last,-0.1142,Normal,0,2
sometime this,-0.1152,Normal,0,2
on call,-0.1155,Normal,0,3
and it,-0.1155,Normal,26,30
by to,-0.1156,Normal,2,2
would it,-0.1158,Normal,0,3
to would,-0.1158,Normal,0,2
name about,-0.1161,Normal,1,5
on all,-0.117,Normal,0,2
it over,-0.1171,Normal,0,3
in it,-0.1176,Normal,3,6
from it,-0.1177,Normal,1,3
bill could,-0.1182,Normal,0,2
with by,-0.1185,Normal,1,2
to if,-0.1185,Normal,1,3
more than,-0.1189,Normal,0,2
it to,-0.1189,Normal,5,3
us for,-0.1195,Normal,2,3
would at,-0.1197,Normal,0,2
to about,-0.1202,Normal,1,4
also if,-0.1202,Normal,0,2
for has,-0.1204,Normal,0,2
been would,-0.1214,Normal,0,2
about that,-0.1217,Normal,0,3
call and,-0.1219,Normal,0,2
to their,-0.122,Normal,5,4
is do,-0.1222,Normal,1,2
is on,-0.1225,Normal,2,8
or to,-0.1225,Normal,7,6
the would,-0.1225,Normal,0,3
some next,-0.1234,Normal,0,2
and any,-0.1237,Normal,14,6
am with,-0.1237,Normal,0,2
at is,-0.124,Normal,0,2
everything is,-0.1242,Normal,0,3
could the,-0.1259,Normal,0,2
we also,-0.1261,Normal,1,3
us could,-0.1266,Normal,1,3
at with,-0.1272,Normal,0,3
it even,-0.1275,Normal,0,2
about how,-0.1275,Normal,0,4
it made,-0.1275,Normal,0,3
in us,-0.1282,Normal,1,3
we the,-0.1282,Normal,5,2
been but,-0.1285,Normal,0,2
at you,-0.1293,Normal,2,4
can in,-0.1297,Normal,1,2
us call,-0.1297,Normal,0,2
to me,-0.1299,Normal,2,5
it or,-0.1305,Normal,0,3
go together,-0.1306,Normal,0,5
our would,-0.1307,Normal,1,3
you out,-0.1312,Normal,0,3
name we,-0.1315,Normal,4,7
from would,-0.1317,Normal,0,3
but to,-0.1317,Normal,0,2
we should,-0.1327,Normal,0,3
and some,-0.133,Normal,0,2
or before,-0.1332,Normal,0,2
found an,-0.1333,Normal,0,3
to how,-0.1334,Normal,1,4
had about,-0.1341,Normal,0,4
anything,-0.1348,Normal,1,4
name am,-0.1369,Normal,12,14
had to,-0.1369,Normal,0,2
is at,-0.1373,Normal,0,5
you always,-0.1375,Normal,0,4
our us,-0.1379,Normal,0,3
own,-0.1393,Normal,1,2
us and,-0.1396,Normal,0,2
someone is,-0.1402,Normal,0,2
please someone,-0.1402,Normal,0,2
bill,-0.1403,Normal,3,6
your if,-0.1406,Normal,1,5
can also,-0.1413,Normal,0,2
and go,-0.1414,Normal,0,2
at on,-0.1422,Normal,1,6
to you,-0.1431,Normal,64,43
had in,-0.1436,Normal,0,2
how is,-0.1437,Normal,0,3
an on,-0.1445,Normal,5,4
our on,-0.146,Normal,21,7
their,-0.1467,Normal,18,9
next and,-0.1468,Normal,1,2
yet,-0.1471,Normal,2,4
at would,-0.1476,Normal,0,3
it back,-0.1478,Normal,0,3
very and,-0.1483,Normal,0,4
on it,-0.1483,Normal,2,5
everything,-0.1485,Normal,2,5
it can,-0.1488,Normal,0,3
with us,-0.1491,Normal,14,7
for this,-0.1494,Normal,5,5
and further,-0.1496,Normal,0,2
has to,-0.1504,Normal,1,1
during your,-0.1505,Normal,0,2
are call,-0.1507,Normal,0,2
it too,-0.1522,Normal,0,5
last to,-0.1524,Normal,0,3
you am,-0.1532,Normal,0,2
the by,-0.1539,Normal,1,3
you describe,-0.1545,Normal,0,3
to them,-0.1553,Normal,0,2
do you,-0.1563,Normal,4,6
the could,-0.1569,Normal,2,3
how it,-0.1576,Normal,2,6
name on,-0.1582,Normal,3,7
and me,-0.1585,Normal,0,2
and they,-0.1599,Normal,0,2
in up,-0.1609,Normal,0,2
the about,-0.161,Normal,0,3
are not,-0.1612,Normal,0,3
your own,-0.1618,Normal,0,2
on is,-0.162,Normal,1,2
name please,-0.1623,Normal,0,2
for can,-0.1625,Normal,0,2
together for,-0.1629,Normal,0,3
were for,-0.1629,Normal,0,4
someone to,-0.1631,Normal,0,3
you someone,-0.1631,Normal,0,3
been and,-0.1634,Normal,4,5
everyone,-0.1634,Normal,1,2
everyone to,-0.1634,Normal,1,2
on from,-0.1638,Normal,0,2
our last,-0.1682,Normal,0,4
it together,-0.1685,Normal,0,4
in would,-0.1685,Normal,1,4
or any,-0.1696,Normal,0,3
our will,-0.1701,Normal,6,5
also have,-0.1716,Normal,0,3
name an,-0.1725,Normal,4,6
how your,-0.1725,Normal,0,4
to up,-0.1727,Normal,7,10
it would,-0.1731,Normal,3,7
that is,-0.1735,Normal,4,6
some of,-0.1739,Normal,0,3
go through,-0.1746,Normal,0,3
might be,-0.1749,Normal,3,9
another,-0.1765,Normal,0,3
the are,-0.1771,Normal,4,5
would be,-0.1775,Normal,9,11
all to,-0.1778,Normal,2,1
could,-0.178,Normal,56,49
they have,-0.1785,Normal,0,3
the on,-0.179,Normal,1,4
more about,-0.1794,Normal,1,7
not in,-0.1795,Normal,0,2
too,-0.1805,Normal,3,9
at if,-0.1817,Normal,0,5
about the,-0.1849,Normal,3,5
are being,-0.1853,Normal,0,2
while,-0.1857,Normal,8,9
see how,-0.1872,Normal,1,5
the has,-0.1883,Normal,4,3
next for,-0.1885,Normal,0,2
and out,-0.1889,Normal,0,3
yourself and,-0.1897,Normal,0,2
back,-0.1904,Normal,3,7
are at,-0.1914,Normal,0,4
any of,-0.1934,Normal,6,2
been on,-0.1937,Normal,0,2
are all,-0.1939,Normal,1,1
this at,-0.1956,Normal,1,6
on there,-0.1959,Normal,0,2
there will,-0.1959,Normal,0,2
it for,-0.1969,Normal,0,4
describe the,-0.1979,Normal,0,3
to one,-0.198,Normal,0,3
over call,-0.1986,Normal,0,5
for if,-0.1989,Normal,0,3
when would,-0.1991,Normal,0,2
it will,-0.1992,Normal,0,4
by it,-0.1997,Normal,0,3
both,-0.2009,Normal,0,4
out together,-0.2009,Normal,0,5
up over,-0.2011,Normal,0,3
we it,-0.2019,Normal,2,5
have not,-0.203,Normal,1,3
you us,-0.2037,Normal,6,15
our next,-0.2039,Normal,0,5
be and,-0.204,Normal,2,4
the and,-0.2072,Normal,31,21
and see,-0.2106,Normal,0,4
for name,-0.2129,Normal,1,4
this if,-0.2144,Normal,0,4
in on,-0.2146,Normal,0,4
to something,-0.215,Normal,0,4
on,-0.2154,Normal,124,110
you,-0.2157,Normal,294,322
on would,-0.216,Normal,0,5
and could,-0.2161,Normal,1,2
about your,-0.2163,Normal,6,16
are through,-0.217,Normal,0,2
go over,-0.218,Normal,0,6
from if,-0.2181,Normal,1,4
the from,-0.2185,Normal,0,6
or would,-0.2191,Normal,0,5
it might,-0.2197,Normal,0,7
me the,-0.2199,Normal,0,3
or us,-0.2199,Normal,0,5
for would,-0.2201,Normal,0,6
it with,-0.2212,Normal,2,6
by if,-0.2235,Normal,0,4
name found,-0.2248,Normal,0,7
we could,-0.2249,Normal,1,5
name across,-0.2253,Normal,0,6
they,-0.228,Normal,0,5
are up,-0.2281,Normal,2,7
can it,-0.2292,Normal,2,8
due for,-0.2296,Normal,0,4
out,-0.2299,Normal,43,36
for are,-0.2314,Normal,0,2
also,-0.2325,Normal,7,10
so can,-0.2346,Normal,0,5
over,-0.2351,Normal,8,18
your bill,-0.236,Normal,1,6
name in,-0.2381,Normal,1,2
will the,-0.2396,Normal,8,5
name up,-0.2411,Normal,0,5
you might,-0.244,Normal,1,10
for any,-0.2448,Normal,0,2
your up,-0.2455,Normal,0,3
describe,-0.248,Normal,0,4
name there,-0.2481,Normal,0,6
your could,-0.2486,Normal,10,13
here if,-0.2493,Normal,0,4
for on,-0.2499,Normal,1,7
are this,-0.252,Normal,0,5
your about,-0.2523,Normal,0,6
the so,-0.2534,Normal,0,4
you were,-0.2579,Normal,0,6
name your,-0.2592,Normal,9,11
of you,-0.2592,Normal,5,8
together this,-0.2597,Normal,0,4
on between,-0.261,Normal,0,3
us this,-0.2619,Normal,1,3
by and,-0.2622,Normal,0,6
us up,-0.2633,Normal,0,6
at am,-0.2644,Normal,0,4
to it,-0.2653,Normal,14,26
when,-0.2692,Normal,2,8
or in,-0.2692,Normal,0,4
you had,-0.2713,Normal,0,7
for us,-0.2727,Normal,6,7
you interest,-0.2738,Normal,0,4
you for,-0.2739,Normal,24,16
you about,-0.2793,Normal,1,9
it and,-0.2816,Normal,0,5
the before,-0.2816,Normal,1,3
from for,-0.282,Normal,0,3
am and,-0.2829,Normal,1,3
from you,-0.2837,Normal,17,37
your us,-0.2841,Normal,1,5
interest in,-0.2843,Normal,3,6
me if,-0.2865,Normal,0,11
at please,-0.2872,Normal,0,4
until,-0.2877,Normal,1,7
this it,-0.2918,Normal,1,6
you it,-0.2928,Normal,5,11
for next,-0.2965,Normal,0,4
the together,-0.2966,Normal,2,5
up on,-0.2977,Normal,1,7
were,-0.2979,Normal,1,7
are now,-0.2991,Normal,4,3
of would,-0.3,Normal,1,4
the next,-0.3004,Normal,12,7
am please,-0.3024,Normal,0,3
between am,-0.303,Normal,0,3
you you,-0.3032,Normal,0,4
us to,-0.307,Normal,6,13
about our,-0.3073,Normal,0,9
up,-0.316,Normal,49,56
someone,-0.3171,Normal,1,8
you would,-0.3214,Normal,9,21
during,-0.3243,Normal,2,6
have your,-0.3291,Normal,6,8
is now,-0.3339,Normal,1,5
you of,-0.3339,Normal,3,6
between,-0.3352,Normal,2,6
am for,-0.3387,Normal,0,5
always,-0.3389,Normal,0,8
still,-0.3395,Normal,1,9
you in,-0.3399,Normal,2,8
from am,-0.3505,Normal,3,10
about it,-0.3529,Normal,0,11
to go,-0.356,Normal,0,11
name you,-0.3577,Normal,6,12
have any,-0.3586,Normal,0,8
should,-0.3589,Normal,4,12
have you,-0.3593,Normal,10,14
could you,-0.3599,Normal,33,37
your so,-0.3656,Normal,9,17
me,-0.3712,Normal,27,49
is due,-0.3869,Normal,0,8
go,-0.3869,Normal,3,17
sometime,-0.3937,Normal,0,7
you your,-0.3989,Normal,19,26
you and,-0.4069,Normal,5,12
please our,-0.4071,Normal,0,5
them,-0.4107,Normal,0,8
your would,-0.4151,Normal,0,12
your on,-0.4186,Normal,2,9
to in,-0.4272,Normal,15,15
so,-0.4294,Normal,28,41
us if,-0.4307,Normal,0,11
me to,-0.435,Normal,2,15
might,-0.4368,Normal,3,19
it out,-0.4446,Normal,0,14
name that,-0.449,Normal,0,15
can,-0.4508,Normal,76,81
call,-0.4528,Normal,11,29
any,-0.4764,Normal,40,31
with name,-0.4835,Normal,0,8
so we,-0.489,Normal,11,28
is you,-0.4948,Normal,6,13
on at,-0.4969,Normal,0,15
can we,-0.5038,Normal,0,7
you be,-0.51,Normal,1,19
you or,-0.5136,Normal,0,13
had,-0.5164,Normal,1,14
any or,-0.5176,Normal,1,13
from we,-0.5191,Normal,39,39
last,-0.5368,Normal,4,18
how,-0.5475,Normal,7,25
and would,-0.5484,Normal,3,18
something,-0.5499,Normal,1,17
at your,-0.55,Normal,2,9
we can,-0.5538,Normal,16,38
name the,-0.5576,Normal,3,17
you the,-0.5667,Normal,11,28
is your,-0.5995,Normal,34,30
to or,-0.6131,Normal,3,19
for at,-0.6322,Normal,2,15
us,-0.6801,Normal,74,81
at,-0.6885,Normal,67,82
on and,-0.6955,Normal,0,15
or,-0.7518,Normal,48,79
name,-0.767,Normal,232,308
name to,-0.7767,Normal,4,24
name from,-0.8072,Normal,100,123
would to,-0.812,Normal,5,34
it,-0.84,Normal,135,143
next,-0.9361,Normal,15,32
about,-0.9451,Normal,19,63
if you,-1.0309,Normal,21,68
together,-1.1391,Normal,10,40
if,-1.2168,Normal,25,79
this,-1.3756,Normal,259,382
would you,-1.4805,Normal,7,78
would,-1.6243,Normal,41,136
is,-1.8567,Normal,286,398
is we,-2.1084,Normal,15,55
is name,-2.7049,Normal,121,298
this is,-2.9306,Normal,175,376
