idx,true,predicted,call_type,raw_score,normalised,band,text,detail_json
0,Normal,Normal,order_purchase,,,legitimate,"Agent: Hello? Caller: Hello, ma'am. My name is [NAME] from [ORG] on a recorded line. Is this [NAME]? Agent: Yes, this is [NAME]. [curious] What can I do for you, dear? Caller: Oh, hi. Oh, great. Nice question, ma'am. By the way, uh, we are checking in to know how else we can help you on your search for a secure living community. Caller: And just so I understand where you are right now in the proce","[{""question"": ""claimed_identity"", ""option"": ""not_mentioned"", ""value"": 0.0, ""contribution"": 0.0, ""quote"": """", ""downgraded"": """"}, {""question"": ""requested_action"", ""option"": ""no_action_informational"", ""value"": -0.5, ""contribution"": -0.5, ""quote"": ""Oh, hi. Oh, great. Nice question, ma'am. By the way, uh, we are checking in to know how else we can help you on your search for a secure living community."", ""downgraded"": """"}, {""question"": ""order_recognised"", ""option"": ""not_mentioned"", ""value"": 0.0, ""contribution"": 0.0, ""quote"": """", ""downgraded"": """"}, {""question"": ""payment_channel"", ""option"": ""not_mentioned"", ""value"": 0.0, ""contribution"": 0.0, ""quote"": """", ""downgraded"": ""no quote given""}, {""question"": ""pressure"", ""option"": ""not_mentioned"", ""value"": 0.0, ""contribution"": 0.0, ""quote"": """", ""downgraded"": ""no quote given""}]"
1,Fraud,Normal,banking,,,legitimate,"Agent: Hello? Caller: Hello. My name is [NAME] from [ORG] Caller: speaking on a recorded line. Am I speaking to [NAME]? Agent: [calm] Oh, hello, [NAME]. [curious] What can I help you with today? Yes, this is [NAME]. [curious] What can I help you with, uh, [NAME]? Caller: Okay. Okay. I'll be very brief. We're reaching out because it looks like you were wanting more information about your [ORG] savi","[{""question"": ""claimed_identity"", ""option"": ""bank_general"", ""value"": 0.0, ""contribution"": 0.0, ""quote"": ""My name is [NAME] from [ORG]"", ""downgraded"": """"}, {""question"": ""requested_action"", ""option"": ""not_mentioned"", ""value"": 0.0, ""contribution"": 0.0, ""quote"": ""You need to call [ORG]. To get that. Straightened out."", ""downgraded"": ""quote not found in transcript""}, {""question"": ""destination"", ""option"": ""not_mentioned"", ""value"": 0.0, ""contribution"": 0.0, ""quote"": """", ""downgraded"": """"}, {""question"": ""payment_channel"", ""option"": ""not_mentioned"", ""value"": 0.0, ""contribution"": 0.0, ""quote"": """", ""downgraded"": ""no quote given""}, {""question"": ""verification_direction"", ""option"": ""caller_verifies"", ""value"": -1.0, ""contribution"": -1.0, ""quote"": ""But we just went through that and I was not a to look up your [ORG]. So um,"", ""downgraded"": """"}, {""question"": ""pressure"", ""option"": ""not_mentioned"", ""value"": 0.0, ""contribution"": 0.0, ""quote"": """", ""downgraded"": """"}]"
2,Normal,Fraud,billing_subscription,,,scam,"Agent: Hello? Caller: Hello. This is [NAME] with [ORG] calling for [NAME]. Caller: This call is being recorded for quality and training purposes. Agent: [confused] [NAME]? Oh, uh, no, [uncertain] this is [NAME]. [NAME], is it? [curious] And what's this about, love? Caller: Hello? Caller: I'm here to assist you with your health insurance coverage quote. Agent: Oh, [surprised] me health insurance, i","[{""question"": ""claimed_identity"", ""option"": ""not_mentioned"", ""value"": 0.0, ""contribution"": 0.0, ""quote"": """", ""downgraded"": """"}, {""question"": ""requested_action"", ""option"": ""read_card_details"", ""value"": 1.0, ""contribution"": 1.0, ""quote"": ""Do you have your card with you?"", ""downgraded"": """"}, {""question"": ""charge_status"", ""option"": ""future_charge"", ""value"": 0.5, ""contribution"": 0.5, ""quote"": ""Ninety-nine dollars? Ah, now that's a grand price! That's much better."", ""downgraded"": """"}, {""question"": ""payment_channel"", ""option"": ""card_by_phone"", ""value"": 1.0, ""contribution"": 1.0, ""quote"": ""Alright, here we go then. It's... [CARD]."", ""downgraded"": """"}, {""question"": ""pressure"", ""option"": ""not_mentioned"", ""value"": 0.0, ""contribution"": 0.0, ""quote"": """", ""downgraded"": ""no quote given""}]"
3,Fraud,Normal,other,,,uncertain,"Agent: Hello? Caller: Hey, [NAME]. Hi. It's [NAME], the, uh, state licensed and contracted agent. And I'm following up with you on a recent online request for [ORG] rates and assistance. I've been assigned to help assist you, but there were some missing pieces of information Uh, it's like, uh, for instance, what plan that you are interested in. Agent: Oh, [confused] okay. Well, um, I don't recall ",[]
4,Fraud,Fraud,billing_subscription,,,scam,"Agent: Hello? Caller: Hi, miss [NAME]. How are you doing? Agent: Oh, I'm doing just fine, dear. [curious] Who is this? Caller: This is [NAME]. Agent: [NAME]. [confused] Now, [NAME] who? I don't believe I know a [NAME]. Caller: Uh, [NAME]. I am calling in regards to the lead card that you sent out Caller: for final expense coverage. Agent: The lead card? [confused] Goodness, I don't recall sending ","[{""question"": ""claimed_identity"", ""option"": ""not_mentioned"", ""value"": 0.0, ""contribution"": 0.0, ""quote"": """", ""downgraded"": """"}, {""question"": ""requested_action"", ""option"": ""not_mentioned"", ""value"": 0.0, ""contribution"": 0.0, ""quote"": ""Caller: Uh, we would just do it online together. I go over it with you, and at the end, it would let us know if you're approved."", ""downgraded"": ""invalid option id 'self_service_portal'""}, {""question"": ""charge_status"", ""option"": ""future_charge"", ""value"": 0.5, ""contribution"": 0.5, ""quote"": ""Agent: Two weeks. [satisfied] Okay. [calm] That sounds about right."", ""downgraded"": """"}, {""question"": ""payment_channel"", ""option"": ""not_mentioned"", ""value"": 0.0, ""contribution"": 0.0, ""quote"": """", ""downgraded"": """"}, {""question"": ""pressure"", ""option"": ""not_mentioned"", ""value"": 0.0, ""contribution"": 0.0, ""quote"": """", ""downgraded"": ""no quote given""}]"
5,Normal,Fraud,billing_subscription,,,scam,"Agent: Hello? Caller: Hello? Hello. Is this [NAME]? Is this [NAME] at [ORG]? Agent: Oh, [confused] [ORG]? No, dear, this is [NAME] at, um, [ADDRESS]. Who is this? Caller: Hello? Yeah. Because it didn't stood out. In the [ORG], we've talked this morning. Caller: You know, about your interest in health insurance. Know, [ORG]. Caller: I'm glad I told you I had a a case couldn't talk very long. I had ","[{""question"": ""claimed_identity"", ""option"": ""not_mentioned"", ""value"": 0.0, ""contribution"": 0.0, ""quote"": """", ""downgraded"": """"}, {""question"": ""requested_action"", ""option"": ""not_mentioned"", ""value"": 0.0, ""contribution"": 0.0, ""quote"": """", ""downgraded"": """"}, {""question"": ""charge_status"", ""option"": ""future_charge"", ""value"": 0.5, ""contribution"": 0.5, ""quote"": ""But there's all these these things we get two involved here, but the insurance company that have the that you're looking at an advantage plan, since the insuran"", ""downgraded"": """"}, {""question"": ""payment_channel"", ""option"": ""not_mentioned"", ""value"": 0.0, ""contribution"": 0.0, ""quote"": """", ""downgraded"": ""no quote given""}, {""question"": ""pressure"", ""option"": ""not_mentioned"", ""value"": 0.0, ""contribution"": 0.0, ""quote"": """", ""downgraded"": """"}]"
6,Normal,Normal,billing_subscription,,,uncertain,"Agent: Hello? Caller: Hi. This is [NAME] with [ORG] on a monitored or recorded line. Is is [NAME]. Agent: Oh, [calm] yes, this is [NAME]. [curious] What can I do for you, [NAME]? Caller: Hi. We work calling in response to a life insurance request that was made. And we wanted to bring a licensed agent on the line to go over carrier options in your area. Caller: I have the date of birth here as [DOB","[{""question"": ""claimed_identity"", ""option"": ""not_mentioned"", ""value"": 0.0, ""contribution"": 0.0, ""quote"": """", ""downgraded"": """"}, {""question"": ""requested_action"", ""option"": ""not_mentioned"", ""value"": 0.0, ""contribution"": 0.0, ""quote"": """", ""downgraded"": ""no quote given""}, {""question"": ""charge_status"", ""option"": ""not_mentioned"", ""value"": 0.0, ""contribution"": 0.0, ""quote"": """", ""downgraded"": """"}, {""question"": ""payment_channel"", ""option"": ""not_mentioned"", ""value"": 0.0, ""contribution"": 0.0, ""quote"": """", ""downgraded"": ""no quote given""}, {""question"": ""pressure"", ""option"": ""not_mentioned"", ""value"": 0.0, ""contribution"": 0.0, ""quote"": """", ""downgraded"": ""no quote given""}]"
7,Normal,Normal,billing_subscription,,,uncertain,"Agent: Hello? Caller: Hello. Is this [NAME]? Agent: Yes, [calm] this is [NAME]. [curious] Who's calling, please? Caller: Uh, my name is [NAME]. I'm with the [ORG]. Uh, you booked a meeting with me to go over your [ORG] coverage. Agent: Oh, [calm] [ORG], right. [confused] I don't quite recall booking a meeting, dear. [NAME] used to handle all that. [curious] What was it about [ORG] again? Caller: U","[{""question"": ""claimed_identity"", ""option"": ""subscription_provider"", ""value"": 0.0, ""contribution"": 0.0, ""quote"": ""I'm with the [ORG]. Uh, you booked a meeting with me to go over your [ORG] coverage."", ""downgraded"": """"}, {""question"": ""requested_action"", ""option"": ""not_mentioned"", ""value"": 0.0, ""contribution"": 0.0, ""quote"": """", ""downgraded"": """"}, {""question"": ""charge_status"", ""option"": ""not_mentioned"", ""value"": 0.0, ""contribution"": 0.0, ""quote"": """", ""downgraded"": """"}, {""question"": ""payment_channel"", ""option"": ""not_mentioned"", ""value"": 0.0, ""contribution"": 0.0, ""quote"": """", ""downgraded"": ""no quote given""}, {""question"": ""pressure"", ""option"": ""not_mentioned"", ""value"": 0.0, ""contribution"": 0.0, ""quote"": """", ""downgraded"": ""no quote given""}]"
8,Fraud,Fraud,billing_subscription,,,scam,"Agent: Hello? Caller: Hi. Is this [ORG]? Agent: Oh, hello. [confused] [ORG]? No, dear, this is [NAME]. Who's calling, please? Caller: Hi. No. I'm [NAME]. I was just on the phone with you, and it and for some reason, it disconnected. My system just dropped. Caller: So that's why I was calling you back. Caller: Because you said you needed some help on your prescriptions. Is that correct? Agent: Oh, ","[{""question"": ""claimed_identity"", ""option"": ""not_mentioned"", ""value"": 0.0, ""contribution"": 0.0, ""quote"": """", ""downgraded"": """"}, {""question"": ""requested_action"", ""option"": ""read_card_details"", ""value"": 1.0, ""contribution"": 1.0, ""quote"": ""Do you have your [ORG] red, white, and blue card handy?"", ""downgraded"": """"}, {""question"": ""charge_status"", ""option"": ""not_mentioned"", ""value"": 0.0, ""contribution"": 0.0, ""quote"": """", ""downgraded"": """"}, {""question"": ""payment_channel"", ""option"": ""not_mentioned"", ""value"": 0.0, ""contribution"": 0.0, ""quote"": """", ""downgraded"": ""no quote given""}, {""question"": ""pressure"", ""option"": ""not_mentioned"", ""value"": 0.0, ""contribution"": 0.0, ""quote"": """", ""downgraded"": ""no quote given""}]"
9,Normal,Normal,other,,,uncertain,"Agent: Hello? Caller: Hello, [NAME]? Agent: Yeah, [curious] who's this? Caller: Hey, [NAME]. My name is [NAME], and I'm following up on your health insurance request. Caller: Uh, were you looking for just a cell phone for the family as well? Agent: Oh, okay, [confused] yeah. I mean, I don't remember making a request, but... what's up? Oh, [confused] my health insurance request? Um, I don't remembe",[]
10,Normal,Normal,billing_subscription,,,uncertain,"Agent: Hello? Caller: Hello? I we're calling from the department of of [ORG], and I'm speaking with [NAME]? Agent: [confused] [NAME]? Oh, no, dear, this is [NAME]. [NAME]. [curious] Is this about the, um, the car insurance? Caller: No. Caller: Yeah. That is correct, [NAME]. That that that's what I said, [NAME]. Uh, do you still looking for car insurance? Agent: Oh, [confused] not the car insurance","[{""question"": ""claimed_identity"", ""option"": ""subscription_provider"", ""value"": 0.0, ""contribution"": 0.0, ""quote"": ""We're calling to go ahead and offer you, which it is new prices."", ""downgraded"": """"}, {""question"": ""requested_action"", ""option"": ""not_mentioned"", ""value"": 0.0, ""contribution"": 0.0, ""quote"": """", ""downgraded"": """"}, {""question"": ""charge_status"", ""option"": ""not_mentioned"", ""value"": 0.0, ""contribution"": 0.0, ""quote"": """", ""downgraded"": """"}, {""question"": ""payment_channel"", ""option"": ""not_mentioned"", ""value"": 0.0, ""contribution"": 0.0, ""quote"": """", ""downgraded"": ""no quote given""}, {""question"": ""pressure"", ""option"": ""not_mentioned"", ""value"": 0.0, ""contribution"": 0.0, ""quote"": """", ""downgraded"": ""no quote given""}]"
11,Normal,Normal,other,,,uncertain,"Agent: Hello? Caller: Yes. Is this miss [NAME]? Agent: [calm] Yes, this is [NAME]. [curious] Who's calling, please? Caller: Um, yes. Good morning. My name is [NAME]. I'm licensed insurance agent with [ORG] on behalf of [ORG]. On a recorded and monitored line. I'm, uh, following up on a request we received for information about the [ORG] health plan options. Agent: Oh, [confused] a request? [curiou",[]
12,Fraud,Normal,other,,,uncertain,"Agent: Hello? Caller: Hello. Speak to [NAME], please. Agent: Oh, this is [NAME]. [calm] Who's calling, dear? Caller: Hey there, miss [NAME]. How are you doing? This is [NAME]. I life and health agent with [ORG]. I just was notified that you requested some information on a filing expense life insurance from our website. Is that correct? Agent: Oh, [confused] a filing expense... yes, I think I, um, ",[]
13,Normal,Normal,government_tax,,,legitimate,"Agent: Hello? Caller: Hello. My name is [NAME] and I'm calling from [ORG] on a recorded line. Caller: How are you doing this morning, mister [NAME]? Agent: [confused] [ORG]? [confused] [ORG]? Uh, I'm good, I'm good. Just, you know, trying to get this day started. What's up? Caller: Hello? Agent: Yeah, I'm here. [confused] Can you hear me, [NAME]? I said I'm good, just busy, man. What's [ORG]? Call","[{""question"": ""claimed_identity"", ""option"": ""not_mentioned"", ""value"": 0.0, ""contribution"": 0.0, ""quote"": """", ""downgraded"": """"}, {""question"": ""requested_action"", ""option"": ""not_mentioned"", ""value"": 0.0, ""contribution"": 0.0, ""quote"": """", ""downgraded"": ""no quote given""}, {""question"": ""consequence_threatened"", ""option"": ""not_mentioned"", ""value"": 0.0, ""contribution"": 0.0, ""quote"": """", ""downgraded"": ""no quote given""}, {""question"": ""payment_channel"", ""option"": ""not_mentioned"", ""value"": 0.0, ""contribution"": 0.0, ""quote"": """", ""downgraded"": ""no quote given""}, {""question"": ""verification_offered"", ""option"": ""encouraged"", ""value"": -1.0, ""contribution"": -1.0, ""quote"": ""So what I would recommend that you do, sir, uh, do a couple of things. First of all, because that number you gave me, if that's on your red white, and blue [ORG"", ""downgraded"": """"}]"
14,Fraud,Normal,billing_subscription,,,uncertain,"Agent: Hello? Caller: Good morning, [NAME]. Agent: Good morning. [curious] Um, who's this, please? Caller: This is [NAME]. Agent: [NAME]. [calm] Alright. And, uh, what can I do for you, [NAME]? Caller: This is [NAME] with [ORG]. Caller: Your agent. Agent: [ORG]. [confused] Okay, and what — what can I do for you, [NAME]? [ORG]... [confused] My agent? I, I don't think I have an agent, [NAME]. Caller","[{""question"": ""claimed_identity"", ""option"": ""retailer_billing"", ""value"": 0.0, ""contribution"": 0.0, ""quote"": ""This is [NAME] with [ORG]. Your agent."", ""downgraded"": """"}, {""question"": ""requested_action"", ""option"": ""not_mentioned"", ""value"": 0.0, ""contribution"": 0.0, ""quote"": """", ""downgraded"": """"}, {""question"": ""charge_status"", ""option"": ""not_mentioned"", ""value"": 0.0, ""contribution"": 0.0, ""quote"": """", ""downgraded"": """"}, {""question"": ""payment_channel"", ""option"": ""not_mentioned"", ""value"": 0.0, ""contribution"": 0.0, ""quote"": """", ""downgraded"": ""no quote given""}, {""question"": ""pressure"", ""option"": ""not_mentioned"", ""value"": 0.0, ""contribution"": 0.0, ""quote"": """", ""downgraded"": ""no quote given""}]"
15,Normal,Normal,billing_subscription,,,legitimate,"Agent: Hello? Caller: Hello. I'm calling for [NAME]. My name is [NAME]. I'm calling from [ORG] on a monitored and recorded line. Responding to a life insurance request. How are you today? Agent: Oh, [confused] a life insurance request? I don't recall... Well, I'm doing alright, dear. And you? Caller: Yes, ma'am. Agent: I'm fine, dear. Just fine. [curious] Who did you say you were with again? Calle","[{""question"": ""claimed_identity"", ""option"": ""subscription_provider"", ""value"": 0.0, ""contribution"": 0.0, ""quote"": ""I'm calling for [NAME]. I'm calling from [ORG] on a monitored and recorded line. Responding to a life insurance request."", ""downgraded"": """"}, {""question"": ""requested_action"", ""option"": ""not_mentioned"", ""value"": 0.0, ""contribution"": 0.0, ""quote"": """", ""downgraded"": ""no quote given""}, {""question"": ""charge_status"", ""option"": ""future_charge"", ""value"": 0.5, ""contribution"": 0.5, ""quote"": ""For fifty thousand in whole life coverage would be a hundred and forty four dollars and thirty seven cents."", ""downgraded"": """"}, {""question"": ""payment_channel"", ""option"": ""self_service_portal"", ""value"": -1.0, ""contribution"": -1.0, ""quote"": ""We do that together right over phone. It just takes a few minutes."", ""downgraded"": """"}, {""question"": ""pressure"", ""option"": ""not_mentioned"", ""value"": 0.0, ""contribution"": 0.0, ""quote"": """", ""downgraded"": ""no quote given""}]"
16,Fraud,Normal,other,,,uncertain,"Agent: Hello? Caller: Hi. Is this [NAME]? Agent: Yes, [calm] this is [NAME]. [curious] Who's calling, please? Caller: Hi. And, uh, my name is [NAME]. I'm a licensed insurance agent with [ORG]. On behalf of [ORG] on a recorded and monitored line. How are you today? Agent: Oh, [calm] well, I'm doing all right, [NAME]. [curious] What's this about? Caller: Okay. I'm telling you. I'm following up on a ",[]
17,Fraud,Fraud,government_tax,,,scam,"Agent: Hello? Caller: Hello. Is this [NAME]? Agent: Yes, [calm] this is [NAME]. Who's calling, dear? Caller: Hello. It's a pleasure for me to talk to you today. My name is [NAME]. I work with the [ORG] as an enrollment and verification specialist. How are you? Agent: Oh, [calm] well, I'm doing all right, [NAME]. Just trying to stay cool here in Sarasota. [curious] What can I do for you today? Call","[{""question"": ""claimed_identity"", ""option"": ""not_mentioned"", ""value"": 0.0, ""contribution"": 0.0, ""quote"": """", ""downgraded"": """"}, {""question"": ""requested_action"", ""option"": ""share_id_number"", ""value"": 1.0, ""contribution"": 1.0, ""quote"": ""Well, right now, the information for me to review your full credit report the information that I need to review your full credit report would be your full [SSN]"", ""downgraded"": """"}, {""question"": ""consequence_threatened"", ""option"": ""not_mentioned"", ""value"": 0.0, ""contribution"": 0.0, ""quote"": """", ""downgraded"": ""no quote given""}, {""question"": ""payment_channel"", ""option"": ""not_mentioned"", ""value"": 0.0, ""contribution"": 0.0, ""quote"": """", ""downgraded"": ""no quote given""}, {""question"": ""verification_offered"", ""option"": ""not_mentioned"", ""value"": 0.0, ""contribution"": 0.0, ""quote"": """", ""downgraded"": ""no quote given""}]"
18,Fraud,Fraud,billing_subscription,,,scam,"Agent: Hello? Caller: Hello. This is [NAME] calling from [ORG]. Is this [NAME]? Agent: Yes, this is [NAME]. [curious] What can I do for you, dear? Caller: Hi, missus [NAME]. Thank you so much for picking up. I'm calling because you reached out to us earlier today to enroll in our life Caller: shield medical alert monitoring service. We got quite a bit done on that call. We completed your health qu","[{""question"": ""claimed_identity"", ""option"": ""subscription_provider"", ""value"": 0.0, ""contribution"": 0.0, ""quote"": ""This is [NAME] calling from [ORG]. Is this [NAME]?"", ""downgraded"": """"}, {""question"": ""requested_action"", ""option"": ""read_card_details"", ""value"": 1.0, ""contribution"": 1.0, ""quote"": ""On the bottom of your check, you'll see two sets of numbers. The first set of nine digits is your routing number, and the longer set after that is your account "", ""downgraded"": """"}, {""question"": ""charge_status"", ""option"": ""future_charge"", ""value"": 0.5, ""contribution"": 0.5, ""quote"": ""We can postdate your first payment to give you some time to locate your checkbook or debit card."", ""downgraded"": """"}, {""question"": ""payment_channel"", ""option"": ""card_by_phone"", ""value"": 1.0, ""contribution"": 1.0, ""quote"": ""Do you happen to have a debit card handy that we could use instead? That would work just as well to get you all set up today."", ""downgraded"": """"}, {""question"": ""pressure"", ""option"": ""not_mentioned"", ""value"": 0.0, ""contribution"": 0.0, ""quote"": """", ""downgraded"": ""no quote given""}]"
19,Fraud,Fraud,billing_subscription,,,scam,"Agent: Hello? Caller: Hello? Uh, [NAME]? Can you hear me? Agent: [confused] Yes, I can hear you. [curious] Who is this, please? Caller: Hi. It's, uh, your your insurance agent. We spoke last Friday. Agent: [confused] Oh, my insurance agent? Hmm. [long pause] I don't recall speaking to you last Friday, dear. [curious] Which insurance are you with again? Caller: [ORG]. Agent: [confused] [ORG]? Oh, I","[{""question"": ""claimed_identity"", ""option"": ""subscription_provider"", ""value"": 0.0, ""contribution"": 0.0, ""quote"": ""Hi. It's, uh, your insurance agent."", ""downgraded"": """"}, {""question"": ""requested_action"", ""option"": ""not_mentioned"", ""value"": 0.0, ""contribution"": 0.0, ""quote"": ""I am. To set up your policy, we require it."", ""downgraded"": ""quote not found in transcript""}, {""question"": ""charge_status"", ""option"": ""not_mentioned"", ""value"": 0.0, ""contribution"": 0.0, ""quote"": """", ""downgraded"": """"}, {""question"": ""payment_channel"", ""option"": ""card_by_phone"", ""value"": 1.0, ""contribution"": 1.0, ""quote"": ""[ACCOUNT]. [curious] Is that the right one?"", ""downgraded"": """"}, {""question"": ""pressure"", ""option"": ""not_mentioned"", ""value"": 0.0, ""contribution"": 0.0, ""quote"": ""And we've already stopped setting up your policy last Friday."", ""downgraded"": ""quote not found in transcript""}]"
